episode,n_steps,cumulative_reward,terminated,truncated,mean_dt_ms,std_dt_ms,max_overrun_ms,n_violations,learner_train_calls,learner_total_train_s
0,320,-459.214,0,1,25.048,1.254,10.589,1,99,7.950
1,320,-491.263,0,1,25.082,0.695,0.001,0,94,7.955
2,320,-508.389,0,1,25.063,0.732,0.001,0,87,8.017
3,320,-406.199,0,1,24.925,1.698,19.168,1,89,7.954
4,320,-529.006,0,1,24.995,0.696,0.001,0,88,8.001
5,320,-437.545,0,1,25.014,0.764,1.788,0,90,7.954
6,320,-435.621,0,1,25.098,1.303,20.229,1,90,7.983
7,320,-340.837,0,1,25.014,0.725,0.006,0,82,7.969
8,320,-483.934,0,1,24.933,0.729,0.002,0,91,7.891
9,320,-486.592,0,1,25.165,2.223,44.879,1,88,8.092
10,320,-331.543,0,1,24.997,0.709,0.107,0,89,7.938
11,320,-305.793,0,1,25.010,0.747,0.003,0,84,7.905
12,320,-292.899,0,1,25.019,0.757,3.571,0,94,8.016
13,320,-258.813,0,1,25.004,0.700,0.010,0,87,7.968
14,320,-354.586,0,1,24.971,0.706,0.002,0,93,7.954
15,320,-283.534,0,1,24.926,0.693,0.003,0,90,8.000
16,320,-258.342,0,1,25.017,0.720,0.022,0,87,7.967
17,320,-258.592,0,1,25.015,0.732,0.002,0,90,7.953
18,320,-268.228,0,1,25.066,0.746,0.015,0,89,7.936
19,320,-310.840,0,1,24.940,0.729,0.001,0,92,8.030
20,320,-256.210,0,1,24.974,0.712,0.014,0,86,8.030
21,320,-278.816,0,1,25.100,1.422,22.184,2,89,8.000
22,320,-271.397,0,1,24.909,0.743,0.008,0,88,7.968
23,320,-282.107,0,1,25.019,0.718,0.010,0,87,8.015
24,320,-357.972,0,1,24.990,0.710,0.010,0,92,7.953
25,320,-312.616,0,1,24.954,0.776,4.192,0,88,7.920
26,320,-295.652,0,1,24.986,0.734,0.062,0,70,7.892
27,320,-349.808,0,1,25.027,0.774,3.777,0,64,7.953
28,320,-284.284,0,1,25.155,2.126,31.134,3,89,8.062
29,320,-272.807,0,1,24.983,0.734,1.428,0,87,7.969
30,320,-312.744,0,1,25.023,0.705,0.032,0,86,8.064
31,320,-317.819,0,1,24.995,0.733,0.107,0,86,8.000
32,320,-273.123,0,1,25.021,0.720,0.025,0,87,7.999
33,320,-386.161,0,1,25.002,0.721,0.186,0,88,7.984
34,320,-262.406,0,1,24.987,0.708,0.018,0,87,7.953
35,320,-272.425,0,1,25.020,0.742,0.098,0,89,8.016
37,320,-546.778,0,1,24.991,0.693,0.413,0,86,7.938
38,320,-333.260,0,1,24.966,0.714,0.055,0,88,7.953
39,320,-251.161,0,1,25.000,0.731,0.011,0,89,7.952
40,320,-299.414,0,1,25.050,0.722,0.033,0,89,8.048
41,320,-392.133,0,1,25.023,0.697,0.021,0,94,8.016
42,320,-337.673,0,1,25.104,0.692,0.028,0,90,7.939
43,320,-368.527,0,1,25.277,2.474,34.344,3,91,8.002
44,320,-310.595,0,1,24.986,0.737,0.104,0,88,7.986
45,320,-266.459,0,1,24.925,0.715,0.021,0,86,7.985
46,320,-348.494,0,1,25.066,1.515,31.771,2,90,7.984
47,320,-267.877,0,1,24.980,0.708,0.002,0,87,7.952
48,320,-503.016,0,1,25.109,1.976,33.451,1,83,8.017
49,320,-309.291,0,1,24.962,0.735,0.036,0,91,7.923
