timestamp_s,arm_pos_rad,arm_actual_vel_rad_s,pendulum_pos_rad,pendulum_vel_rad_s,action_cmd
1e-05,0.0,0.0,0.6104,0.0,0.5585
0.02508,0.0,0.0,0.6104,0.0,0.5455
0.05009,0.0164,2.061,0.6104,0.0,0.6383
0.07508,0.0517,4.4389,0.6104,0.0,0.7038
0.10009,0.0916,5.0057,0.6104,0.0,0.7269
0.12513,0.1314,4.9985,0.6104,0.0,0.7133
0.15012,0.1713,5.0095,0.6104,0.0,0.6962
0.17511,0.2109,4.9885,0.6104,0.0,0.6792
0.20009,0.2508,5.0108,0.6104,0.0,0.664
0.22508,0.2905,4.9894,0.6104,0.0,0.6513
0.25009,0.3303,5.004,0.6104,0.0,0.6424
0.27508,0.3702,5.0103,0.6104,0.0,0.6347
0.30009,0.4098,4.9842,0.6104,0.0,0.6279
0.32509,0.4497,5.0077,0.6104,0.0,0.624
0.3501,0.4894,4.9858,0.6104,0.0,0.6172
0.37525,0.5292,4.9755,0.6104,0.0,0.611
0.40008,0.5692,5.0627,0.6104,0.0,0.6031
0.42508,0.6088,4.9662,0.6104,0.0,0.593
0.45009,0.6486,5.0055,0.6104,0.0,0.592
0.47509,0.6884,5.0066,0.6104,0.0,0.5858
0.50014,0.6944,0.7448,0.6104,0.0,0.2371
0.52509,0.6944,0.0,0.6104,0.0,0.1806
0.55009,0.6944,0.0,0.6104,0.0,0.1638
0.57509,0.6944,0.0,0.6104,0.0,0.1588
0.60013,0.6944,0.0,0.6104,0.0,0.1574
0.62509,0.6944,0.0,0.6104,0.0,0.157
0.6501,0.6944,0.0,0.6104,0.0,0.1569
0.67518,0.6944,0.0,0.6104,0.0,0.1569
0.70009,0.6944,0.0,0.6104,0.0,0.1569
0.72508,0.6944,0.0,0.6104,0.0,0.1569
0.75008,0.6944,0.0,0.6104,0.0,0.1569
0.7751,0.6944,0.0,0.6104,0.0,0.1569
0.80014,0.6944,0.0,0.6104,0.0,0.1569
0.8251,0.6944,0.0,0.6104,0.0,0.1569
0.85009,0.6944,0.0,0.6104,0.0,0.1569
0.87509,0.6944,0.0,0.6104,0.0,0.1569
0.90018,0.6944,0.0,0.6104,0.0,0.1569
0.92509,0.6944,0.0,0.6104,0.0,0.1569
0.95009,0.6944,0.0,0.6104,0.0,0.1569
0.97509,0.6944,0.0,0.6104,0.0,0.1569
1.00013,0.6944,0.0,0.6104,0.0,0.1569
1.0251,0.6944,0.0,0.6104,0.0,0.1569
1.05009,0.6944,0.0,0.6104,0.0,0.1569
1.07508,0.6944,0.0,0.6104,0.0,0.1569
1.10009,0.6944,0.0,0.6104,0.0,0.1569
1.1251,0.6944,0.0,0.6104,0.0,0.1569
1.15009,0.6944,0.0,0.6104,0.0,0.1569
1.17509,0.6944,0.0,0.6104,0.0,0.1569
1.20009,0.6944,0.0,0.6104,0.0,0.1569
1.2251,0.6944,0.0,0.6104,0.0,0.1569
1.2502,0.6944,0.0,0.6104,0.0,0.1569
1.27513,0.6944,0.0,0.6104,0.0,0.1569
1.30014,0.6944,0.0,0.6104,0.0,0.1569
1.32509,0.6944,0.0,0.6104,0.0,0.1569
1.35009,0.6944,0.0,0.6104,0.0,0.1569
1.37515,0.6944,0.0,0.6104,0.0,0.1569
1.40013,0.6944,0.0,0.6104,0.0,0.1569
1.42509,0.6944,0.0,0.6104,0.0,0.1569
1.45009,0.6944,0.0,0.6104,0.0,0.1569
1.47517,0.6944,0.0,0.6104,0.0,0.1569
1.50014,0.6944,0.0,0.6104,0.0,0.1569
1.52509,0.6944,0.0,0.6104,0.0,0.1569
1.55009,0.6944,0.0,0.6104,0.0,0.1569
1.57509,0.6944,0.0,0.6104,0.0,0.1569
1.60014,0.6944,0.0,0.6104,0.0,0.1569
1.62508,0.6944,0.0,0.6104,0.0,0.1569
1.65009,0.6944,0.0,0.6104,0.0,0.1569
1.67509,0.6944,0.0,0.6104,0.0,0.1569
1.70018,0.6944,0.0,0.6104,0.0,0.1569
1.72509,0.6944,0.0,0.6104,0.0,0.1569
1.75009,0.6944,0.0,0.6104,0.0,0.1569
1.77509,0.6944,0.0,0.6104,0.0,0.1569
1.80017,0.6944,0.0,0.6104,0.0,0.1569
1.8251,0.6944,0.0,0.6104,0.0,0.1569
1.85009,0.6944,0.0,0.6104,0.0,0.1569
1.87509,0.6944,0.0,0.6104,0.0,0.1569
1.90008,0.6944,0.0,0.6104,0.0,0.1569
1.9251,0.6944,0.0,0.6104,0.0,0.1569
1.9501,0.6944,0.0,0.6104,0.0,0.1569
1.97514,0.6944,0.0,0.6104,0.0,0.1569
2.00008,0.6944,0.0,0.6104,0.0,0.1569
2.02509,0.6944,0.0,0.6104,0.0,0.1569
2.0501,0.6944,0.0,0.6104,0.0,0.1569
2.07514,0.6944,0.0,0.6104,0.0,0.1569
2.10014,0.6944,0.0,0.6104,0.0,0.1569
2.12509,0.6944,0.0,0.6104,0.0,0.1569
2.15008,0.6944,0.0,0.6104,0.0,0.1569
2.17513,0.6944,0.0,0.6104,0.0,0.1569
2.20018,0.6944,0.0,0.6104,0.0,0.1569
2.22508,0.6944,0.0,0.6104,0.0,0.1569
2.25009,0.6944,0.0,0.6104,0.0,0.1569
2.2751,0.6944,0.0,0.6104,0.0,0.1569
2.30014,0.6944,0.0,0.6104,0.0,0.1569
2.32509,0.6944,0.0,0.6104,0.0,0.1569
2.35008,0.6944,0.0,0.6104,0.0,0.1569
2.37511,0.6944,0.0,0.6104,0.0,0.1569
2.40015,0.6944,0.0,0.6104,0.0,0.1569
2.42508,0.6944,0.0,0.6104,0.0,0.1569
2.45009,0.6944,0.0,0.6104,0.0,0.1569
2.47509,0.6944,0.0,0.6104,0.0,0.1569
2.50011,0.6944,0.0,0.6104,0.0,0.1569
2.52509,0.6944,0.0,0.6104,0.0,0.1569
2.55013,0.6944,0.0,0.6104,0.0,0.1569
2.57509,0.6944,0.0,0.6104,0.0,0.1569
2.60009,0.6944,0.0,0.6104,0.0,0.1569
2.6251,0.6944,0.0,0.6104,0.0,0.1569
2.65013,0.6944,0.0,0.6104,0.0,0.1569
2.67513,0.6944,0.0,0.6104,0.0,0.1569
2.70013,0.6944,0.0,0.6104,0.0,0.1569
2.72508,0.6944,0.0,0.6104,0.0,0.1569
2.7501,0.6944,0.0,0.6104,0.0,0.1569
2.77516,0.6944,0.0,0.6104,0.0,0.1569
2.80014,0.6944,0.0,0.6104,0.0,0.1569
2.82508,0.6944,0.0,0.6104,0.0,0.1569
2.85032,0.6944,0.0,0.6104,0.0,0.1569
2.8751,0.6944,0.0,0.6104,0.0,0.1569
2.90013,0.6944,0.0,0.6104,0.0,0.1569
2.92509,0.6944,0.0,0.6104,0.0,0.1569
2.95009,0.6944,0.0,0.6104,0.0,0.1569
2.97517,0.6944,0.0,0.6104,0.0,0.1569
3.00014,0.6944,0.0,0.6104,0.0,0.1569
3.02514,0.6944,0.0,0.6104,0.0,0.1569
3.05008,0.6944,0.0,0.6104,0.0,0.1569
3.07509,0.6944,0.0,0.6104,0.0,0.1569
3.10017,0.6944,0.0,0.6104,0.0,0.1569
3.12509,0.6944,0.0,0.6104,0.0,0.1569
3.15009,0.6944,0.0,0.6104,0.0,0.1569
3.17509,0.6944,0.0,0.6104,0.0,0.1569
3.20017,0.6944,0.0,0.6104,0.0,0.1569
3.22509,0.6944,0.0,0.6104,0.0,0.1569
3.25009,0.6944,0.0,0.6104,0.0,0.1569
3.27508,0.6944,0.0,0.6104,0.0,0.1569
3.30009,0.6944,0.0,0.6104,0.0,0.1569
3.3251,0.6944,0.0,0.6104,0.0,0.1569
3.35009,0.6944,0.0,0.6104,0.0,0.1569
3.37509,0.6944,0.0,0.6104,0.0,0.1569
3.40007,0.6944,0.0,0.6104,0.0,0.1569
3.42513,0.6944,0.0,0.6104,0.0,0.1569
3.4501,0.6944,0.0,0.6104,0.0,0.1569
3.47514,0.6944,0.0,0.6104,0.0,0.1569
3.50016,0.6944,0.0,0.6104,0.0,0.1569
3.52509,0.6944,0.0,0.6104,0.0,0.1569
3.55018,0.6944,0.0,0.6104,0.0,0.1569
3.57516,0.6944,0.0,0.6104,0.0,0.1569
3.60011,0.6944,0.0,0.6104,0.0,0.1569
3.62508,0.6944,0.0,0.6104,0.0,0.1569
3.65009,0.6944,0.0,0.6104,0.0,0.1569
3.67511,0.6944,0.0,0.6104,0.0,0.1569
3.70008,0.6944,0.0,0.6104,0.0,0.1569
3.72514,0.6944,0.0,0.6104,0.0,0.1569
3.75009,0.6944,0.0,0.6104,0.0,0.1569
3.77517,0.6944,0.0,0.6104,0.0,0.1569
3.80014,0.6944,0.0,0.6104,0.0,0.1569
3.82508,0.6944,0.0,0.6104,0.0,0.1569
3.85009,0.6944,0.0,0.6104,0.0,0.1569
3.87509,0.6944,0.0,0.6104,0.0,0.1569
3.90017,0.6944,0.0,0.6104,0.0,0.1569
3.92518,0.6944,0.0,0.6104,0.0,0.1569
3.95009,0.6944,0.0,0.6104,0.0,0.1569
3.97509,0.6944,0.0,0.6104,0.0,0.1569
4.00015,0.6944,0.0,0.6104,0.0,0.1569
4.02514,0.6944,0.0,0.6104,0.0,0.1569
4.05009,0.6944,0.0,0.6104,0.0,0.1569
4.07509,0.6944,0.0,0.6104,0.0,0.1569
4.10009,0.6944,0.0,0.6104,0.0,0.1569
4.12517,0.6944,0.0,0.6104,0.0,0.1569
4.15018,0.6944,0.0,0.6104,0.0,0.1569
4.17508,0.6944,0.0,0.6104,0.0,0.1569
4.20008,0.6944,0.0,0.6104,0.0,0.1569
4.22509,0.6944,0.0,0.6104,0.0,0.1569
4.2501,0.6944,0.0,0.6104,0.0,0.1569
4.27518,0.6944,0.0,0.6104,0.0,0.1569
4.30014,0.6944,0.0,0.6104,0.0,0.1569
4.32508,0.6944,0.0,0.6104,0.0,0.1569
4.3503,0.6944,0.0,0.6104,0.0,0.1569
4.37508,0.6944,0.0,0.6104,0.0,0.1569
4.40013,0.6944,0.0,0.6104,0.0,0.1569
4.42509,0.6944,0.0,0.6104,0.0,0.1569
4.4501,0.6944,0.0,0.6104,0.0,0.1569
4.4751,0.6944,0.0,0.6104,0.0,0.1569
4.50014,0.6944,0.0,0.6104,0.0,0.1569
4.52513,0.6944,0.0,0.6104,0.0,0.1569
4.55008,0.6944,0.0,0.6104,0.0,0.1569
4.57509,0.6944,0.0,0.6104,0.0,0.1569
4.6001,0.6944,0.0,0.6104,0.0,0.1569
4.6251,0.6944,0.0,0.6104,0.0,0.1569
4.65009,0.6944,0.0,0.6104,0.0,0.1569
4.67514,0.6944,0.0,0.6104,0.0,0.1569
4.70009,0.6944,0.0,0.6104,0.0,0.1569
4.72508,0.6944,0.0,0.6104,0.0,0.1569
4.75013,0.6944,0.0,0.6104,0.0,0.1569
4.77514,0.6944,0.0,0.6104,0.0,0.1569
4.80009,0.6944,0.0,0.6104,0.0,0.1569
4.8251,0.6944,0.0,0.6104,0.0,0.1569
4.85008,0.6944,0.0,0.6104,0.0,0.1569
4.87518,0.6944,0.0,0.6104,0.0,0.1569
4.90007,0.6944,0.0,0.6104,0.0,0.1569
4.92509,0.6944,0.0,0.6104,0.0,0.1569
4.95022,0.6944,0.0,0.6104,0.0,0.1569
4.97513,0.6944,0.0,0.6104,0.0,0.1569
5.00014,0.6944,0.0,0.6104,0.0,0.1569
5.02508,0.6944,0.0,0.6104,0.0,0.1569
5.05008,0.6944,0.0,0.6104,0.0,0.1569
5.07515,0.6944,0.0,0.6104,0.0,0.1569
5.10014,0.6944,0.0,0.6104,0.0,0.1569
5.12509,0.6944,0.0,0.6104,0.0,0.1569
5.15009,0.6944,0.0,0.6104,0.0,0.1569
5.17511,0.6944,0.0,0.6104,0.0,0.1569
5.20014,0.6944,0.0,0.6104,0.0,0.1569
5.22513,0.6944,0.0,0.6104,0.0,0.1569
5.25008,0.6944,0.0,0.6104,0.0,0.1569
5.27518,0.6944,0.0,0.6104,0.0,0.1569
5.30016,0.6944,0.0,0.6104,0.0,0.1569
5.32509,0.6944,0.0,0.6104,0.0,0.1569
5.35009,0.6944,0.0,0.6104,0.0,0.1569
5.37515,0.6944,0.0,0.6104,0.0,0.1569
5.40011,0.6944,0.0,0.6104,0.0,0.1569
5.42509,0.6944,0.0,0.6104,0.0,0.1569
5.45013,0.6944,0.0,0.6104,0.0,0.1569
5.47508,0.6944,0.0,0.6104,0.0,0.1569
5.50011,0.6944,0.0,0.6104,0.0,0.1569
5.5251,0.6944,0.0,0.6104,0.0,0.1569
5.55009,0.6944,0.0,0.6104,0.0,0.1569
5.57514,0.6944,0.0,0.6104,0.0,0.1569
5.60008,0.6944,0.0,0.6104,0.0,0.1569
5.62509,0.6944,0.0,0.6104,0.0,0.1569
5.65009,0.6944,0.0,0.6104,0.0,0.1569
5.67514,0.6944,0.0,0.6104,0.0,0.1569
5.70009,0.6944,0.0,0.6104,0.0,0.1569
5.72518,0.6944,0.0,0.6104,0.0,0.1569
5.7501,0.6944,0.0,0.6104,0.0,0.1569
5.77521,0.6944,0.0,0.6104,0.0,0.1569
5.80013,0.6944,0.0,0.6104,0.0,0.1569
5.82508,0.6944,0.0,0.6104,0.0,0.1569
5.85008,0.6944,0.0,0.6104,0.0,0.1569
5.87515,0.6944,0.0,0.6104,0.0,0.1569
5.90019,0.6944,0.0,0.6104,0.0,0.1569
5.92514,0.6944,0.0,0.6104,0.0,0.1569
5.95011,0.6944,0.0,0.6104,0.0,0.1569
5.97516,0.6944,0.0,0.6104,0.0,0.1569
6.00013,0.6944,0.0,0.6104,0.0,0.1569
6.02513,0.6944,0.0,0.6104,0.0,0.1569
6.05009,0.6944,0.0,0.6104,0.0,0.1569
6.07509,0.6944,0.0,0.6104,0.0,0.1569
6.10016,0.6944,0.0,0.6104,0.0,0.1569
6.12509,0.6944,0.0,0.6104,0.0,0.1569
6.15009,0.6944,0.0,0.6104,0.0,0.1569
6.17509,0.6944,0.0,0.6104,0.0,0.1569
6.2001,0.6944,0.0,0.6104,0.0,0.1569
6.22533,0.6944,0.0,0.6104,0.0,0.1569
6.25009,0.6944,0.0,0.6104,0.0,0.1569
6.27509,0.6944,0.0,0.6104,0.0,0.1569
6.30009,0.6944,0.0,0.6104,0.0,0.1569
6.3251,0.6944,0.0,0.6104,0.0,0.1569
6.3501,0.6944,0.0,0.6104,0.0,0.1569
6.37509,0.6944,0.0,0.6104,0.0,0.1569
6.40008,0.6944,0.0,0.6104,0.0,0.1569
6.42508,0.6944,0.0,0.6104,0.0,0.1569
6.45009,0.6944,0.0,0.6104,0.0,0.1569
6.47514,0.6944,0.0,0.6104,0.0,0.1569
6.5001,0.6944,0.0,0.6104,0.0,0.1569
6.52509,0.6944,0.0,0.6104,0.0,0.1569
6.55014,0.6944,0.0,0.6104,0.0,0.1569
6.57518,0.6944,0.0,0.6104,0.0,0.1569
6.60014,0.6944,0.0,0.6104,0.0,0.1569
6.62509,0.6944,0.0,0.6104,0.0,0.1569
6.65009,0.6944,0.0,0.6104,0.0,0.1569
6.6751,0.6944,0.0,0.6104,0.0,0.1569
6.70008,0.6944,0.0,0.6104,0.0,0.1569
6.72509,0.6944,0.0,0.6104,0.0,0.1569
6.75008,0.6944,0.0,0.6104,0.0,0.1569
6.77509,0.6944,0.0,0.6104,0.0,0.1569
6.80022,0.6944,0.0,0.6104,0.0,0.1569
6.82508,0.6944,0.0,0.6104,0.0,0.1569
6.85008,0.6944,0.0,0.6104,0.0,0.1569
6.87509,0.6944,0.0,0.6104,0.0,0.1569
6.90015,0.6944,0.0,0.6104,0.0,0.1569
6.92514,0.6944,0.0,0.6104,0.0,0.1569
6.95009,0.6944,0.0,0.6104,0.0,0.1569
6.97509,0.6944,0.0,0.6104,0.0,0.1569
7.0001,0.6944,0.0,0.6104,0.0,0.1569
7.02517,0.6944,0.0,0.6104,0.0,0.1569
7.05012,0.6944,0.0,0.6104,0.0,0.1569
7.07508,0.6944,0.0,0.6104,0.0,0.1569
7.10009,0.6944,0.0,0.6104,0.0,0.1569
7.12509,0.6944,0.0,0.6104,0.0,0.1569
7.15009,0.6944,0.0,0.6104,0.0,0.1569
7.17514,0.6944,0.0,0.6104,0.0,0.1569
7.20009,0.6944,0.0,0.6104,0.0,0.1569
7.22509,0.6944,0.0,0.6104,0.0,0.1569
7.25011,0.6944,0.0,0.6104,0.0,0.1569
7.27514,0.6944,0.0,0.6104,0.0,0.1569
7.30014,0.6944,0.0,0.6104,0.0,0.1569
7.32509,0.6944,0.0,0.6104,0.0,0.1569
7.35009,0.6944,0.0,0.6104,0.0,0.1569
7.37511,0.6944,0.0,0.6104,0.0,0.1569
7.40013,0.6944,0.0,0.6104,0.0,0.1569
7.42508,0.6944,0.0,0.6104,0.0,0.1569
7.45008,0.6944,0.0,0.6104,0.0,0.1569
7.4751,0.6944,0.0,0.6104,0.0,0.1569
7.50013,0.6944,0.0,0.6104,0.0,0.1569
7.52509,0.6944,0.0,0.6104,0.0,0.1569
7.55014,0.6944,0.0,0.6104,0.0,0.1569
7.57508,0.6944,0.0,0.6104,0.0,0.1569
7.60011,0.6944,0.0,0.6104,0.0,0.1569
7.62509,0.6944,0.0,0.6104,0.0,0.1569
7.65008,0.6944,0.0,0.6104,0.0,0.1569
7.67509,0.6944,0.0,0.6104,0.0,0.1569
7.70009,0.6944,0.0,0.6104,0.0,0.1569
7.72509,0.6944,0.0,0.6104,0.0,0.1569
7.75008,0.6944,0.0,0.6104,0.0,0.1569
7.77514,0.6944,0.0,0.6104,0.0,0.1569
7.80009,0.6944,0.0,0.6104,0.0,0.1569
7.82509,0.6944,0.0,0.6104,0.0,0.1569
7.85016,0.6944,0.0,0.6104,0.0,0.1569
7.87517,0.6944,0.0,0.6104,0.0,0.1569
7.90008,0.6944,0.0,0.6104,0.0,0.1569
7.92509,0.6944,0.0,0.6104,0.0,0.1569
7.95008,0.6944,0.0,0.6104,0.0,0.1569
7.97517,0.6944,0.0,0.6104,0.0,0.1569
8.00015,0.6944,0.0,0.6104,0.0,0.1569
8.02509,0.6944,0.0,0.6104,0.0,0.1569
8.05009,0.6944,0.0,0.6104,0.0,0.1569
8.0751,0.6944,0.0,0.6104,0.0,0.1569
8.10013,0.6944,0.0,0.6104,0.0,0.1569
8.1251,0.6944,0.0,0.6104,0.0,0.1569
8.1501,0.6944,0.0,0.6104,0.0,0.1569
8.17509,0.6944,0.0,0.6104,0.0,0.1569
8.2001,0.6944,0.0,0.6104,0.0,0.1569
8.22509,0.6944,0.0,0.6104,0.0,0.1569
8.25009,0.6944,0.0,0.6104,0.0,0.1569
8.27513,0.6944,0.0,0.6104,0.0,0.1569
8.30013,0.6944,0.0,0.6104,0.0,0.1569
8.3251,0.6944,0.0,0.6104,0.0,0.1569
8.35014,0.6944,0.0,0.6104,0.0,0.1569
8.37514,0.6944,0.0,0.6104,0.0,0.1569
8.40009,0.6944,0.0,0.6104,0.0,0.1569
8.4251,0.6944,0.0,0.6104,0.0,0.1569
8.45008,0.6944,0.0,0.6104,0.0,0.1569
8.47513,0.6944,0.0,0.6104,0.0,0.1569
8.50009,0.6944,0.0,0.6104,0.0,0.1569
8.52509,0.6944,0.0,0.6104,0.0,0.1569
8.55016,0.6944,0.0,0.6104,0.0,0.1569
8.57514,0.6944,0.0,0.6104,0.0,0.1569
8.60013,0.6944,0.0,0.6104,0.0,0.1569
8.62509,0.6944,0.0,0.6104,0.0,0.1569
8.65009,0.6944,0.0,0.6104,0.0,0.1569
8.67515,0.6944,0.0,0.6104,0.0,0.1569
8.70008,0.6944,0.0,0.6104,0.0,0.1569
8.72508,0.6944,0.0,0.6104,0.0,0.1569
8.75008,0.6944,0.0,0.6104,0.0,0.1569
8.7751,0.6944,0.0,0.6104,0.0,0.1569
8.80014,0.6944,0.0,0.6104,0.0,0.1569
8.82514,0.6944,0.0,0.6104,0.0,0.1569
8.85009,0.6944,0.0,0.6104,0.0,0.1569
8.87509,0.6944,0.0,0.6104,0.0,0.1569
8.9001,0.6944,0.0,0.6104,0.0,0.1569
8.92509,0.6944,0.0,0.6104,0.0,0.1569
8.95013,0.6944,0.0,0.6104,0.0,0.1569
8.97509,0.6944,0.0,0.6104,0.0,0.1569
9.00011,0.6944,0.0,0.6104,0.0,0.1569
9.02508,0.6944,0.0,0.6104,0.0,0.1569
9.05009,0.6944,0.0,0.6104,0.0,0.1569
9.07509,0.6944,0.0,0.6104,0.0,0.1569
9.10009,0.6944,0.0,0.6104,0.0,0.1569
9.1251,0.6944,0.0,0.6104,0.0,0.1569
9.15009,0.6944,0.0,0.6104,0.0,0.1569
9.17514,0.6944,0.0,0.6104,0.0,0.1569
9.20013,0.6944,0.0,0.6104,0.0,0.1569
9.22508,0.6944,0.0,0.6104,0.0,0.1569
9.25016,0.6944,0.0,0.6104,0.0,0.1569
9.27514,0.6944,0.0,0.6104,0.0,0.1569
9.30013,0.6944,0.0,0.6104,0.0,0.1569
9.32509,0.6944,0.0,0.6104,0.0,0.1569
9.35011,0.6944,0.0,0.6104,0.0,0.1569
9.37517,0.6944,0.0,0.6104,0.0,0.1569
9.40019,0.6944,0.0,0.6104,0.0,0.1569
9.42515,0.6944,0.0,0.6104,0.0,0.1569
9.45009,0.6944,0.0,0.6104,0.0,0.1569
9.4751,0.6944,0.0,0.6104,0.0,0.1569
9.50015,0.6944,0.0,0.6104,0.0,0.1569
9.52509,0.6944,0.0,0.6104,0.0,0.1569
9.55008,0.6944,0.0,0.6104,0.0,0.1569
9.57508,0.6944,0.0,0.6104,0.0,0.1569
9.60016,0.6944,0.0,0.6104,0.0,0.1569
9.62509,0.6944,0.0,0.6104,0.0,0.1569
9.65009,0.6944,0.0,0.6104,0.0,0.1569
9.67509,0.6944,0.0,0.6104,0.0,0.1569
9.70016,0.6944,0.0,0.6104,0.0,0.1569
9.72508,0.6944,0.0,0.6104,0.0,0.1569
9.7501,0.6944,0.0,0.6104,0.0,0.1569
9.77509,0.6944,0.0,0.6104,0.0,0.1569
9.8001,0.6944,0.0,0.6104,0.0,0.1569
9.8251,0.6944,0.0,0.6104,0.0,0.1569
9.8501,0.6944,0.0,0.6104,0.0,0.1569
9.87509,0.6944,0.0,0.6104,0.0,0.1569
9.90008,0.6944,0.0,0.6104,0.0,0.1569
9.92508,0.6944,0.0,0.6104,0.0,0.1569
9.9501,0.6944,0.0,0.6104,0.0,0.1569
9.97513,0.6944,0.0,0.6104,0.0,0.1569
10.0001,0.6944,0.0,0.6104,0.0,0.1569
10.02509,0.6944,0.0,0.6104,0.0,0.1569
10.0501,0.6944,0.0,0.6104,0.0,0.1569
10.07513,0.6944,0.0,0.6104,0.0,0.1569
10.10013,0.6944,0.0,0.6104,0.0,0.1569
10.12509,0.6944,0.0,0.6104,0.0,0.1569
10.15009,0.6944,0.0,0.6104,0.0,0.1569
10.1752,0.6944,0.0,0.6104,0.0,0.1569
10.20013,0.6944,0.0,0.6104,0.0,0.1569
10.2251,0.6944,0.0,0.6104,0.0,0.1569
10.25008,0.6944,0.0,0.6104,0.0,0.1569
10.2751,0.6944,0.0,0.6104,0.0,0.1569
10.30016,0.6944,0.0,0.6104,0.0,0.1569
10.32509,0.6944,0.0,0.6104,0.0,0.1569
10.35009,0.6944,0.0,0.6104,0.0,0.1569
10.37509,0.6944,0.0,0.6104,0.0,0.1569
10.4001,0.6944,0.0,0.6104,0.0,0.1569
10.4251,0.6944,0.0,0.6104,0.0,0.1569
10.45009,0.6944,0.0,0.6104,0.0,0.1569
10.47509,0.6944,0.0,0.6104,0.0,0.1569
10.50009,0.6944,0.0,0.6104,0.0,0.1569
10.52509,0.6944,0.0,0.6104,0.0,0.1569
10.55008,0.6944,0.0,0.6104,0.0,0.1569
10.57513,0.6944,0.0,0.6104,0.0,0.1569
10.60008,0.6944,0.0,0.6104,0.0,0.1569
10.62511,0.6944,0.0,0.6104,0.0,0.1569
10.65009,0.6944,0.0,0.6104,0.0,0.1569
10.67514,0.6944,0.0,0.6104,0.0,0.1569
10.70008,0.6944,0.0,0.6104,0.0,0.1569
10.72509,0.6944,0.0,0.6104,0.0,0.1569
10.7501,0.6944,0.0,0.6104,0.0,0.1569
10.77513,0.6944,0.0,0.6104,0.0,0.1569
10.80013,0.6944,0.0,0.6104,0.0,0.1569
10.82508,0.6944,0.0,0.6104,0.0,0.1569
10.85009,0.6944,0.0,0.6104,0.0,0.1569
10.8751,0.6944,0.0,0.6104,0.0,0.1569
10.90013,0.6944,0.0,0.6104,0.0,0.1569
10.92509,0.6944,0.0,0.6104,0.0,0.1569
10.95009,0.6944,0.0,0.6104,0.0,0.1569
10.97512,0.6944,0.0,0.6104,0.0,0.1569
11.00018,0.6944,0.0,0.6104,0.0,0.1569
11.02508,0.6944,0.0,0.6104,0.0,0.1569
11.05008,0.6944,0.0,0.6104,0.0,0.1569
11.07509,0.6944,0.0,0.6104,0.0,0.1569
11.1001,0.6944,0.0,0.6104,0.0,0.1569
11.12508,0.6944,0.0,0.6104,0.0,0.1569
11.15009,0.6944,0.0,0.6104,0.0,0.1569
11.17509,0.6944,0.0,0.6104,0.0,0.1569
11.20017,0.6944,0.0,0.6104,0.0,0.1569
11.2251,0.6944,0.0,0.6104,0.0,0.1569
11.25013,0.6944,0.0,0.6104,0.0,0.1569
11.27514,0.6944,0.0,0.6104,0.0,0.1569
11.30014,0.6944,0.0,0.6104,0.0,0.1569
11.32516,0.6944,0.0,0.6104,0.0,0.1569
11.35009,0.6944,0.0,0.6104,0.0,0.1569
11.37509,0.6944,0.0,0.6104,0.0,0.1569
11.40008,0.6944,0.0,0.6104,0.0,0.1569
11.42509,0.6944,0.0,0.6104,0.0,0.1569
11.45009,0.6944,0.0,0.6104,0.0,0.1569
11.47514,0.6944,0.0,0.6104,0.0,0.1569
11.50011,0.6944,0.0,0.6104,0.0,0.1569
11.52508,0.6944,0.0,0.6104,0.0,0.1569
11.55018,0.6944,0.0,0.6104,0.0,0.1569
11.57518,0.6944,0.0,0.6104,0.0,0.1569
11.60013,0.6944,0.0,0.6104,0.0,0.1569
11.62509,0.6944,0.0,0.6104,0.0,0.1569
11.65009,0.6944,0.0,0.6104,0.0,0.1569
11.67517,0.6944,0.0,0.6104,0.0,0.1569
11.70014,0.6944,0.0,0.6104,0.0,0.1569
11.72509,0.6944,0.0,0.6104,0.0,0.1569
11.75009,0.6944,0.0,0.6104,0.0,0.1569
11.77509,0.6944,0.0,0.6104,0.0,0.1569
11.80016,0.6944,0.0,0.6104,0.0,0.1569
11.82508,0.6944,0.0,0.6104,0.0,0.1569
11.85008,0.6944,0.0,0.6104,0.0,0.1569
11.87509,0.6944,0.0,0.6104,0.0,0.1569
11.90008,0.6944,0.0,0.6104,0.0,0.1569
11.92508,0.6944,0.0,0.6104,0.0,0.1569
11.95009,0.6944,0.0,0.6104,0.0,0.1569
11.97509,0.6944,0.0,0.6104,0.0,0.1569
12.0001,0.6944,0.0,0.6104,0.0,0.1569
12.0251,0.6944,0.0,0.6104,0.0,0.1569
12.05013,0.6944,0.0,0.6104,0.0,0.1569
12.07514,0.6944,0.0,0.6104,0.0,0.1569
12.10008,0.6944,0.0,0.6104,0.0,0.1569
12.12508,0.6944,0.0,0.6104,0.0,0.1569
12.15009,0.6944,0.0,0.6104,0.0,0.1569
12.17518,0.6944,0.0,0.6104,0.0,0.1569
12.20009,0.6944,0.0,0.6104,0.0,0.1569
12.22509,0.6944,0.0,0.6104,0.0,0.1569
12.25011,0.6944,0.0,0.6104,0.0,0.1569
12.27515,0.6944,0.0,0.6104,0.0,0.1569
12.30009,0.6944,0.0,0.6104,0.0,0.1569
12.32508,0.6944,0.0,0.6104,0.0,0.1569
12.35009,0.6944,0.0,0.6104,0.0,0.1569
12.37515,0.6944,0.0,0.6104,0.0,0.1569
12.40014,0.6944,0.0,0.6104,0.0,0.1569
12.42515,0.6944,0.0,0.6104,0.0,0.1569
12.45009,0.6944,0.0,0.6104,0.0,0.1569
12.4751,0.6944,0.0,0.6104,0.0,0.1569
12.50014,0.6944,0.0,0.6104,0.0,0.1569
12.52509,0.6944,0.0,0.6104,0.0,0.1569
12.55018,0.6944,0.0,0.6104,0.0,0.1569
12.57509,0.6944,0.0,0.6104,0.0,0.1569
12.6001,0.6944,0.0,0.6104,0.0,0.1569
12.62509,0.6944,0.0,0.6104,0.0,0.1569
12.65008,0.6944,0.0,0.6104,0.0,0.1569
12.67509,0.6944,0.0,0.6104,0.0,0.1569
12.70015,0.6944,0.0,0.6104,0.0,0.1569
12.7251,0.6944,0.0,0.6104,0.0,0.1569
12.75008,0.6944,0.0,0.6104,0.0,0.1569
12.77508,0.6944,0.0,0.6104,0.0,0.1569
12.80009,0.6944,0.0,0.6104,0.0,0.1569
12.82513,0.6944,0.0,0.6104,0.0,0.1569
12.85008,0.6944,0.0,0.6104,0.0,0.1569
12.87509,0.6944,0.0,0.6104,0.0,0.1569
12.90008,0.6944,0.0,0.6104,0.0,0.1569
12.92509,0.6944,0.0,0.6104,0.0,0.1569
12.9501,0.6944,0.0,0.6104,0.0,0.1569
12.97513,0.6944,0.0,0.6104,0.0,0.1569
13.00014,0.6944,0.0,0.6104,0.0,0.1569
13.02508,0.6944,0.0,0.6104,0.0,0.1569
13.05009,0.6944,0.0,0.6104,0.0,0.1569
13.07512,0.6944,0.0,0.6104,0.0,0.1569
13.10013,0.6944,0.0,0.6104,0.0,0.1569
13.12508,0.6944,0.0,0.6104,0.0,0.1569
13.15009,0.6944,0.0,0.6104,0.0,0.1569
13.17509,0.6944,0.0,0.6104,0.0,0.1569
13.20013,0.6944,0.0,0.6104,0.0,0.1569
13.22509,0.6944,0.0,0.6104,0.0,0.1569
13.25008,0.6944,0.0,0.6104,0.0,0.1569
13.27509,0.6944,0.0,0.6104,0.0,0.1569
13.30021,0.6944,0.0,0.6104,0.0,0.1569
13.32514,0.6944,0.0,0.6104,0.0,0.1569
13.35008,0.6944,0.0,0.6104,0.0,0.1569
13.37509,0.6944,0.0,0.6104,0.0,0.1569
13.40033,0.6944,0.0,0.6104,0.0,0.1569
13.4251,0.6944,0.0,0.6104,0.0,0.1569
13.45008,0.6944,0.0,0.6104,0.0,0.1569
13.4751,0.6944,0.0,0.6104,0.0,0.1569
13.50009,0.6944,0.0,0.6104,0.0,0.1569
13.5251,0.6944,0.0,0.6104,0.0,0.1569
13.55008,0.6944,0.0,0.6104,0.0,0.1569
13.57514,0.6944,0.0,0.6104,0.0,0.1569
13.60009,0.6944,0.0,0.6104,0.0,0.1569
13.62508,0.6944,0.0,0.6104,0.0,0.1569
13.65009,0.6944,0.0,0.6104,0.0,0.1569
13.67515,0.6944,0.0,0.6104,0.0,0.1569
13.70014,0.6944,0.0,0.6104,0.0,0.1569
13.72509,0.6944,0.0,0.6104,0.0,0.1569
13.7501,0.6944,0.0,0.6104,0.0,0.1569
13.77526,0.6944,0.0,0.6104,0.0,0.1569
13.80013,0.6944,0.0,0.6104,0.0,0.1569
13.82508,0.6944,0.0,0.6104,0.0,0.1569
13.85008,0.6944,0.0,0.6104,0.0,0.1569
13.87517,0.6944,0.0,0.6104,0.0,0.1569
13.90014,0.6944,0.0,0.6104,0.0,0.1569
13.9251,0.6944,0.0,0.6104,0.0,0.1569
13.95008,0.6944,0.0,0.6104,0.0,0.1569
13.97509,0.6944,0.0,0.6104,0.0,0.1569
14.00017,0.6944,0.0,0.6104,0.0,0.1569
14.02509,0.6944,0.0,0.6104,0.0,0.1569
14.05009,0.6944,0.0,0.6104,0.0,0.1569
14.07509,0.6944,0.0,0.6104,0.0,0.1569
14.10011,0.6944,0.0,0.6104,0.0,0.1569
14.12508,0.6944,0.0,0.6104,0.0,0.1569
14.15008,0.6944,0.0,0.6104,0.0,0.1569
14.17513,0.6944,0.0,0.6104,0.0,0.1569
14.20009,0.6944,0.0,0.6104,0.0,0.1569
14.2251,0.6944,0.0,0.6104,0.0,0.1569
14.25009,0.6944,0.0,0.6104,0.0,0.1569
14.27509,0.6944,0.0,0.6104,0.0,0.1569
14.30011,0.6944,0.0,0.6104,0.0,0.1569
14.32509,0.6944,0.0,0.6104,0.0,0.1569
14.35009,0.6944,0.0,0.6104,0.0,0.1569
14.3751,0.6944,0.0,0.6104,0.0,0.1569
14.40009,0.6944,0.0,0.6104,0.0,0.1569
14.42509,0.6944,0.0,0.6104,0.0,0.1569
14.4501,0.6944,0.0,0.6104,0.0,0.1569
14.47513,0.6944,0.0,0.6104,0.0,0.1569
14.50009,0.6944,0.0,0.6104,0.0,0.1569
14.52509,0.6944,0.0,0.6104,0.0,0.1569
14.5505,0.6944,0.0,0.6104,0.0,0.1569
14.57518,0.6944,0.0,0.6104,0.0,0.1569
14.60014,0.6944,0.0,0.6104,0.0,0.1569
14.62509,0.6944,0.0,0.6104,0.0,0.1569
14.65009,0.6944,0.0,0.6104,0.0,0.1569
14.67515,0.6944,0.0,0.6104,0.0,0.1569
14.70019,0.6944,0.0,0.6104,0.0,0.1569
14.72525,0.6944,0.0,0.6104,0.0,0.1569
14.75009,0.6944,0.0,0.6104,0.0,0.1569
14.7751,0.6944,0.0,0.6104,0.0,0.1569
14.8001,0.6944,0.0,0.6104,0.0,0.1569
14.82508,0.6944,0.0,0.6104,0.0,0.1569
14.85008,0.6944,0.0,0.6104,0.0,0.1569
14.87509,0.6944,0.0,0.6104,0.0,0.1569
14.90008,0.6944,0.0,0.6104,0.0,0.1569
14.92509,0.6944,0.0,0.6104,0.0,0.1569
14.95009,0.6944,0.0,0.6104,0.0,0.1569
14.97513,0.6944,0.0,0.6104,0.0,0.1569
15.00009,0.6944,0.0,0.6104,0.0,0.1569
15.02759,0.6944,0.0,0.6104,0.0,0.1569
15.05008,0.6944,0.0,0.6104,0.0,0.1569
15.07509,0.6944,0.0,0.6104,0.0,0.1569
15.10009,0.6944,0.0,0.6104,0.0,0.1569
15.12517,0.6944,0.0,0.6104,0.0,0.1569
15.15009,0.6944,0.0,0.6104,0.0,0.1569
15.17509,0.6944,0.0,0.6104,0.0,0.1569
15.20009,0.6944,0.0,0.6104,0.0,0.1569
15.22509,0.6944,0.0,0.6104,0.0,0.1569
15.25017,0.6944,0.0,0.6104,0.0,0.1569
15.27514,0.6944,0.0,0.6104,0.0,0.1569
15.30008,0.6944,0.0,0.6104,0.0,0.1569
15.32509,0.6944,0.0,0.6104,0.0,0.1569
15.35009,0.6944,0.0,0.6104,0.0,0.1569
15.37514,0.6944,0.0,0.6104,0.0,0.1569
15.40007,0.6944,0.0,0.6104,0.0,0.1569
15.42509,0.6944,0.0,0.6104,0.0,0.1569
15.45009,0.6944,0.0,0.6104,0.0,0.1569
15.4751,0.6944,0.0,0.6104,0.0,0.1569
15.50014,0.6944,0.0,0.6104,0.0,0.1569
15.52509,0.6944,0.0,0.6104,0.0,0.1569
15.55008,0.6944,0.0,0.6104,0.0,0.1569
15.57511,0.6944,0.0,0.6104,0.0,0.1569
15.60016,0.6944,0.0,0.6104,0.0,0.1569
15.62509,0.6944,0.0,0.6104,0.0,0.1569
15.65009,0.6944,0.0,0.6104,0.0,0.1569
15.67509,0.6944,0.0,0.6104,0.0,0.1569
15.70011,0.6944,0.0,0.6104,0.0,0.1569
15.72509,0.6944,0.0,0.6104,0.0,0.1569
15.75009,0.6944,0.0,0.6104,0.0,0.1569
15.77509,0.6944,0.0,0.6104,0.0,0.1569
15.80008,0.6944,0.0,0.6104,0.0,0.1569
15.82532,0.6944,0.0,0.6104,0.0,0.1569
15.85009,0.6944,0.0,0.6104,0.0,0.1569
15.87509,0.6944,0.0,0.6104,0.0,0.1569
15.90008,0.6944,0.0,0.6104,0.0,0.1569
15.9251,0.6944,0.0,0.6104,0.0,0.1569
15.95009,0.6944,0.0,0.6104,0.0,0.1569
15.97508,0.6944,0.0,0.6104,0.0,0.1569
16.00008,0.6944,0.0,0.6104,0.0,0.1569
16.02513,0.6944,0.0,0.6104,0.0,0.1569
16.0501,0.6944,0.0,0.6104,0.0,0.1569
16.07509,0.6944,0.0,0.6104,0.0,0.1569
16.10014,0.6944,0.0,0.6104,0.0,0.1569
16.12509,0.6944,0.0,0.6104,0.0,0.1569
16.15009,0.6944,0.0,0.6104,0.0,0.1569
16.17514,0.6944,0.0,0.6104,0.0,0.1569
16.20013,0.6944,0.0,0.6104,0.0,0.1569
16.22509,0.6944,0.0,0.6104,0.0,0.1569
16.25009,0.6944,0.0,0.6104,0.0,0.1569
16.27509,0.6944,0.0,0.6104,0.0,0.1569
16.30014,0.6944,0.0,0.6104,0.0,0.1569
16.32514,0.6944,0.0,0.6104,0.0,0.1569
16.35009,0.6944,0.0,0.6104,0.0,0.1569
16.37509,0.6944,0.0,0.6104,0.0,0.1569
16.40016,0.6944,0.0,0.6104,0.0,0.1569
16.42508,0.6944,0.0,0.6104,0.0,0.1569
16.45009,0.6944,0.0,0.6104,0.0,0.1569
16.47509,0.6944,0.0,0.6104,0.0,0.1569
16.5001,0.6944,0.0,0.6104,0.0,0.1569
16.52509,0.6944,0.0,0.6104,0.0,0.1569
16.55008,0.6944,0.0,0.6104,0.0,0.1569
16.57515,0.6944,0.0,0.6104,0.0,0.1569
16.60009,0.6944,0.0,0.6104,0.0,0.1569
16.62509,0.6944,0.0,0.6104,0.0,0.1569
16.65008,0.6944,0.0,0.6104,0.0,0.1569
16.67514,0.6944,0.0,0.6104,0.0,0.1569
16.70009,0.6944,0.0,0.6104,0.0,0.1569
16.72531,0.6944,0.0,0.6104,0.0,0.1569
16.75017,0.6944,0.0,0.6104,0.0,0.1569
16.77516,0.6944,0.0,0.6104,0.0,0.1569
16.80014,0.6944,0.0,0.6104,0.0,0.1569
16.82508,0.6944,0.0,0.6104,0.0,0.1569
16.85105,0.6944,0.0,0.6104,0.0,0.1569
16.87522,0.6944,0.0,0.6104,0.0,0.1569
16.90013,0.6944,0.0,0.6104,0.0,0.1569
16.92509,0.6944,0.0,0.6104,0.0,0.1569
16.9501,0.6944,0.0,0.6104,0.0,0.1569
16.9751,0.6944,0.0,0.6104,0.0,0.1569
17.00013,0.6944,0.0,0.6104,0.0,0.1569
17.02509,0.6944,0.0,0.6104,0.0,0.1569
17.05008,0.6944,0.0,0.6104,0.0,0.1569
17.07514,0.6944,0.0,0.6104,0.0,0.1569
17.10021,0.6944,0.0,0.6104,0.0,0.1569
17.12508,0.6944,0.0,0.6104,0.0,0.1569
17.15008,0.6944,0.0,0.6104,0.0,0.1569
17.17509,0.6944,0.0,0.6104,0.0,0.1569
17.20024,0.6944,0.0,0.6104,0.0,0.1569
17.22512,0.6944,0.0,0.6104,0.0,0.1569
17.25008,0.6944,0.0,0.6104,0.0,0.1569
17.27509,0.6944,0.0,0.6104,0.0,0.1569
17.30009,0.6944,0.0,0.6104,0.0,0.1569
17.3251,0.6944,0.0,0.6104,0.0,0.1569
17.35008,0.6944,0.0,0.6104,0.0,0.1569
17.37518,0.6944,0.0,0.6104,0.0,0.1569
17.40008,0.6944,0.0,0.6104,0.0,0.1569
17.42508,0.6944,0.0,0.6104,0.0,0.1569
17.45009,0.6944,0.0,0.6104,0.0,0.1569
17.47516,0.6944,0.0,0.6104,0.0,0.1569
17.50014,0.6944,0.0,0.6104,0.0,0.1569
17.52509,0.6944,0.0,0.6104,0.0,0.1569
17.55014,0.6944,0.0,0.6104,0.0,0.1569
17.57521,0.6944,0.0,0.6104,0.0,0.1569
17.60015,0.6944,0.0,0.6104,0.0,0.1569
17.62509,0.6944,0.0,0.6104,0.0,0.1569
17.65009,0.6944,0.0,0.6104,0.0,0.1569
17.6752,0.6944,0.0,0.6104,0.0,0.1569
17.70014,0.6944,0.0,0.6104,0.0,0.1569
17.7251,0.6944,0.0,0.6104,0.0,0.1569
17.75008,0.6944,0.0,0.6104,0.0,0.1569
17.77509,0.6944,0.0,0.6104,0.0,0.1569
17.80017,0.6944,0.0,0.6104,0.0,0.1569
17.82509,0.6944,0.0,0.6104,0.0,0.1569
17.85008,0.6944,0.0,0.6104,0.0,0.1569
17.87509,0.6944,0.0,0.6104,0.0,0.1569
17.9001,0.6944,0.0,0.6104,0.0,0.1569
17.92509,0.6944,0.0,0.6104,0.0,0.1569
17.95009,0.6944,0.0,0.6104,0.0,0.1569
17.97514,0.6944,0.0,0.6104,0.0,0.1569
18.00021,0.6944,0.0,0.6104,0.0,0.1569
18.02514,0.6944,0.0,0.6104,0.0,0.1569
18.05009,0.6944,0.0,0.6104,0.0,0.1569
18.07515,0.6944,0.0,0.6104,0.0,0.1569
18.10008,0.6944,0.0,0.6104,0.0,0.1569
18.12508,0.6944,0.0,0.6104,0.0,0.1569
18.15018,0.6944,0.0,0.6104,0.0,0.1569
18.17509,0.6944,0.0,0.6104,0.0,0.1569
18.20008,0.6944,0.0,0.6104,0.0,0.1569
18.22509,0.6944,0.0,0.6104,0.0,0.1569
18.25009,0.6944,0.0,0.6104,0.0,0.1569
18.27514,0.6944,0.0,0.6104,0.0,0.1569
18.30016,0.6944,0.0,0.6104,0.0,0.1569
18.32508,0.6944,0.0,0.6104,0.0,0.1569
18.35011,0.6944,0.0,0.6104,0.0,0.1569
18.37518,0.6944,0.0,0.6104,0.0,0.1569
18.40008,0.6944,0.0,0.6104,0.0,0.1569
18.42509,0.6944,0.0,0.6104,0.0,0.1569
18.45009,0.6944,0.0,0.6104,0.0,0.1569
18.47513,0.6944,0.0,0.6104,0.0,0.1569
18.50029,0.6944,0.0,0.6104,0.0,0.1569
18.52509,0.6944,0.0,0.6104,0.0,0.1569
18.55009,0.6944,0.0,0.6104,0.0,0.1569
18.57912,0.6944,0.0,0.6104,0.0,0.1569
18.6001,0.6944,0.0,0.6104,0.0,0.1569
18.62509,0.6944,0.0,0.6104,0.0,0.1569
18.65008,0.6944,0.0,0.6104,0.0,0.1569
18.6751,0.6944,0.0,0.6104,0.0,0.1569
18.70008,0.6944,0.0,0.6104,0.0,0.1569
18.72533,0.6944,0.0,0.6104,0.0,0.1569
18.75009,0.6944,0.0,0.6104,0.0,0.1569
18.77515,0.6944,0.0,0.6104,0.0,0.1569
18.80009,0.6944,0.0,0.6104,0.0,0.1569
18.8251,0.6944,0.0,0.6104,0.0,0.1569
18.85009,0.6944,0.0,0.6104,0.0,0.1569
18.87514,0.6944,0.0,0.6104,0.0,0.1569
18.90008,0.6944,0.0,0.6104,0.0,0.1569
18.92509,0.6944,0.0,0.6104,0.0,0.1569
18.9501,0.6944,0.0,0.6104,0.0,0.1569
18.97514,0.6944,0.0,0.6104,0.0,0.1569
19.00013,0.6944,0.0,0.6104,0.0,0.1569
19.02508,0.6944,0.0,0.6104,0.0,0.1569
19.05009,0.6944,0.0,0.6104,0.0,0.1569
19.07517,0.6944,0.0,0.6104,0.0,0.1569
19.10015,0.6944,0.0,0.6104,0.0,0.1569
19.12508,0.6944,0.0,0.6104,0.0,0.1569
19.15013,0.6944,0.0,0.6104,0.0,0.1569
19.17519,0.6944,0.0,0.6104,0.0,0.1569
19.20022,0.6944,0.0,0.6104,0.0,0.1569
19.22509,0.6944,0.0,0.6104,0.0,0.1569
19.25009,0.6944,0.0,0.6104,0.0,0.1569
19.27509,0.6944,0.0,0.6104,0.0,0.1569
19.30017,0.6944,0.0,0.6104,0.0,0.1569
19.32509,0.6944,0.0,0.6104,0.0,0.1569
19.35009,0.6944,0.0,0.6104,0.0,0.1569
19.37509,0.6944,0.0,0.6104,0.0,0.1569
19.40008,0.6944,0.0,0.6104,0.0,0.1569
19.42509,0.6944,0.0,0.6104,0.0,0.1569
19.45014,0.6944,0.0,0.6104,0.0,0.1569
19.4751,0.6944,0.0,0.6104,0.0,0.1569
19.5001,0.6944,0.0,0.6104,0.0,0.1569
19.52514,0.6944,0.0,0.6104,0.0,0.1569
19.55008,0.6944,0.0,0.6104,0.0,0.1569
19.57514,0.6944,0.0,0.6104,0.0,0.1569
19.60009,0.6944,0.0,0.6104,0.0,0.1569
19.62509,0.6944,0.0,0.6104,0.0,0.1569
19.65083,0.6944,0.0,0.6104,0.0,0.1569
19.67509,0.6944,0.0,0.6104,0.0,0.1569
19.70009,0.6944,0.0,0.6104,0.0,0.1569
19.72515,0.6944,0.0,0.6104,0.0,0.1569
19.75011,0.6944,0.0,0.6104,0.0,0.1569
19.77516,0.6944,0.0,0.6104,0.0,0.1569
19.80009,0.6944,0.0,0.6104,0.0,0.1569
19.82514,0.6944,0.0,0.6104,0.0,0.1569
19.85016,0.6944,0.0,0.6104,0.0,0.1569
19.87516,0.6944,0.0,0.6104,0.0,0.1569
19.90013,0.6944,0.0,0.6104,0.0,0.1569
19.92508,0.6944,0.0,0.6104,0.0,0.1569
19.9501,0.6944,0.0,0.6104,0.0,0.1569
19.9751,0.6944,0.0,0.6104,0.0,0.1569
20.00014,0.6944,0.0,0.6104,0.0,0.1569
20.02509,0.6944,0.0,0.6104,0.0,0.1569
20.05008,0.6944,0.0,0.6104,0.0,0.1569
20.0751,0.6944,0.0,0.6104,0.0,0.1569
20.10021,0.6944,0.0,0.6104,0.0,0.1569
20.1251,0.6944,0.0,0.6104,0.0,0.1569
20.15013,0.6944,0.0,0.6104,0.0,0.1569
20.17509,0.6944,0.0,0.6104,0.0,0.1569
20.2001,0.6944,0.0,0.6104,0.0,0.1569
20.22509,0.6944,0.0,0.6104,0.0,0.1569
20.25008,0.6944,0.0,0.6104,0.0,0.1569
20.27509,0.6944,0.0,0.6104,0.0,0.1569
20.30009,0.6944,0.0,0.6104,0.0,0.1569
20.3251,0.6944,0.0,0.6104,0.0,0.1569
20.35009,0.6944,0.0,0.6104,0.0,0.1569
20.37514,0.6944,0.0,0.6104,0.0,0.1569
20.40008,0.6944,0.0,0.6104,0.0,0.1569
20.42509,0.6944,0.0,0.6104,0.0,0.1569
20.4501,0.6944,0.0,0.6104,0.0,0.1569
20.47514,0.6944,0.0,0.6104,0.0,0.1569
20.50014,0.6944,0.0,0.6104,0.0,0.1569
20.52508,0.6944,0.0,0.6104,0.0,0.1569
20.55011,0.6944,0.0,0.6104,0.0,0.1569
20.57514,0.6944,0.0,0.6104,0.0,0.1569
20.60013,0.6944,0.0,0.6104,0.0,0.1569
20.62508,0.6944,0.0,0.6104,0.0,0.1569
20.65008,0.6944,0.0,0.6104,0.0,0.1569
20.67515,0.6944,0.0,0.6104,0.0,0.1569
20.70018,0.6944,0.0,0.6104,0.0,0.1569
20.72508,0.6944,0.0,0.6104,0.0,0.1569
20.75008,0.6944,0.0,0.6104,0.0,0.1569
20.77514,0.6944,0.0,0.6104,0.0,0.1569
20.80099,0.6944,0.0,0.6104,0.0,0.1569
20.82509,0.6944,0.0,0.6104,0.0,0.1569
20.85009,0.6944,0.0,0.6104,0.0,0.1569
20.87509,0.6944,0.0,0.6104,0.0,0.1569
20.90009,0.6944,0.0,0.6104,0.0,0.1569
20.92518,0.6944,0.0,0.6104,0.0,0.1569
20.95014,0.6944,0.0,0.6104,0.0,0.1569
20.97509,0.6944,0.0,0.6104,0.0,0.1569
21.00009,0.6944,0.0,0.6104,0.0,0.1569
21.02509,0.6944,0.0,0.6104,0.0,0.1569
21.05009,0.6944,0.0,0.6104,0.0,0.1569
21.07514,0.6944,0.0,0.6104,0.0,0.1569
21.10009,0.6944,0.0,0.6104,0.0,0.1569
21.12509,0.6944,0.0,0.6104,0.0,0.1569
21.15009,0.6944,0.0,0.6104,0.0,0.1569
21.17513,0.6944,0.0,0.6104,0.0,0.1569
21.20013,0.6944,0.0,0.6104,0.0,0.1569
21.22508,0.6944,0.0,0.6104,0.0,0.1569
21.25009,0.6944,0.0,0.6104,0.0,0.1569
21.27509,0.6944,0.0,0.6104,0.0,0.1569
21.30014,0.6944,0.0,0.6104,0.0,0.1569
21.32508,0.6944,0.0,0.6104,0.0,0.1569
21.3501,0.6944,0.0,0.6104,0.0,0.1569
21.37511,0.6944,0.0,0.6104,0.0,0.1569
21.40018,0.6944,0.0,0.6104,0.0,0.1569
21.42522,0.6944,0.0,0.6104,0.0,0.1569
21.45008,0.6944,0.0,0.6104,0.0,0.1569
21.47509,0.6944,0.0,0.6104,0.0,0.1569
21.50017,0.6944,0.0,0.6104,0.0,0.1569
21.5251,0.6944,0.0,0.6104,0.0,0.1569
21.55013,0.6944,0.0,0.6104,0.0,0.1569
21.57509,0.6944,0.0,0.6104,0.0,0.1569
21.60013,0.6944,0.0,0.6104,0.0,0.1569
21.62514,0.6944,0.0,0.6104,0.0,0.1569
21.65013,0.6944,0.0,0.6104,0.0,0.1569
21.67513,0.6944,0.0,0.6104,0.0,0.1569
21.70009,0.6944,0.0,0.6104,0.0,0.1569
21.72509,0.6944,0.0,0.6104,0.0,0.1569
21.75009,0.6944,0.0,0.6104,0.0,0.1569
21.77519,0.6944,0.0,0.6104,0.0,0.1569
21.80025,0.6944,0.0,0.6104,0.0,0.1569
21.82509,0.6944,0.0,0.6104,0.0,0.1569
21.8501,0.6944,0.0,0.6104,0.0,0.1569
21.87518,0.6944,0.0,0.6104,0.0,0.1569
21.90009,0.6944,0.0,0.6104,0.0,0.1569
21.92509,0.6944,0.0,0.6104,0.0,0.1569
21.95019,0.6944,0.0,0.6104,0.0,0.1569
21.97515,0.6944,0.0,0.6104,0.0,0.1569
22.00014,0.6944,0.0,0.6104,0.0,0.1569
22.02509,0.6944,0.0,0.6104,0.0,0.1569
22.05024,0.6944,0.0,0.6104,0.0,0.1569
22.07519,0.6944,0.0,0.6104,0.0,0.1569
22.10014,0.6944,0.0,0.6104,0.0,0.1569
22.12509,0.6944,0.0,0.6104,0.0,0.1569
22.1501,0.6944,0.0,0.6104,0.0,0.1569
22.17517,0.6944,0.0,0.6104,0.0,0.1569
22.20015,0.6944,0.0,0.6104,0.0,0.1569
22.22509,0.6944,0.0,0.6104,0.0,0.1569
22.25009,0.6944,0.0,0.6104,0.0,0.1569
22.27526,0.6944,0.0,0.6104,0.0,0.1569
22.30014,0.6944,0.0,0.6104,0.0,0.1569
22.32509,0.6944,0.0,0.6104,0.0,0.1569
22.35009,0.6944,0.0,0.6104,0.0,0.1569
22.37509,0.6944,0.0,0.6104,0.0,0.1569
22.40011,0.6944,0.0,0.6104,0.0,0.1569
22.42524,0.6944,0.0,0.6104,0.0,0.1569
22.45009,0.6944,0.0,0.6104,0.0,0.1569
22.47509,0.6944,0.0,0.6104,0.0,0.1569
22.50015,0.6944,0.0,0.6104,0.0,0.1569
22.5251,0.6944,0.0,0.6104,0.0,0.1569
22.55009,0.6944,0.0,0.6104,0.0,0.1569
22.57525,0.6944,0.0,0.6104,0.0,0.1569
22.60013,0.6944,0.0,0.6104,0.0,0.1569
22.62512,0.6944,0.0,0.6104,0.0,0.1569
22.65009,0.6944,0.0,0.6104,0.0,0.1569
22.67513,0.6944,0.0,0.6104,0.0,0.1569
22.70014,0.6944,0.0,0.6104,0.0,0.1569
22.72525,0.6944,0.0,0.6104,0.0,0.1569
22.75009,0.6944,0.0,0.6104,0.0,0.1569
22.7751,0.6944,0.0,0.6104,0.0,0.1569
22.80014,0.6944,0.0,0.6104,0.0,0.1569
22.82508,0.6944,0.0,0.6104,0.0,0.1569
22.85009,0.6944,0.0,0.6104,0.0,0.1569
22.87515,0.6944,0.0,0.6104,0.0,0.1569
22.90022,0.6944,0.0,0.6104,0.0,0.1569
22.92508,0.6944,0.0,0.6104,0.0,0.1569
22.95008,0.6944,0.0,0.6104,0.0,0.1569
22.97509,0.6944,0.0,0.6104,0.0,0.1569
23.0001,0.6944,0.0,0.6104,0.0,0.1569
23.02509,0.6944,0.0,0.6104,0.0,0.1569
23.05009,0.6944,0.0,0.6104,0.0,0.1569
23.07512,0.6944,0.0,0.6104,0.0,0.1569
23.10012,0.6944,0.0,0.6104,0.0,0.1569
23.12509,0.6944,0.0,0.6104,0.0,0.1569
23.15009,0.6944,0.0,0.6104,0.0,0.1569
23.17514,0.6944,0.0,0.6104,0.0,0.1569
23.20011,0.6944,0.0,0.6104,0.0,0.1569
23.22509,0.6944,0.0,0.6104,0.0,0.1569
23.2501,0.6944,0.0,0.6104,0.0,0.1569
23.27521,0.6944,0.0,0.6104,0.0,0.1569
23.30008,0.6944,0.0,0.6104,0.0,0.1569
23.32509,0.6944,0.0,0.6104,0.0,0.1569
23.35024,0.6944,0.0,0.6104,0.0,0.1569
23.37509,0.6944,0.0,0.6104,0.0,0.1569
23.40013,0.6944,0.0,0.6104,0.0,0.1569
23.42508,0.6944,0.0,0.6104,0.0,0.1569
23.45009,0.6944,0.0,0.6104,0.0,0.1569
23.47513,0.6944,0.0,0.6104,0.0,0.1569
23.50014,0.6944,0.0,0.6104,0.0,0.1569
23.52514,0.6944,0.0,0.6104,0.0,0.1569
23.55009,0.6944,0.0,0.6104,0.0,0.1569
23.57517,0.6944,0.0,0.6104,0.0,0.1569
23.60014,0.6944,0.0,0.6104,0.0,0.1569
23.62509,0.6944,0.0,0.6104,0.0,0.1569
23.65009,0.6944,0.0,0.6104,0.0,0.1569
23.67522,0.6944,0.0,0.6104,0.0,0.1569
23.70027,0.6944,0.0,0.6104,0.0,0.1569
23.72508,0.6944,0.0,0.6104,0.0,0.1569
23.75009,0.6944,0.0,0.6104,0.0,0.1569
23.77509,0.6944,0.0,0.6104,0.0,0.1569
23.80009,0.6944,0.0,0.6104,0.0,0.1569
23.82532,0.6944,0.0,0.6104,0.0,0.1569
23.85009,0.6944,0.0,0.6104,0.0,0.1569
23.87513,0.6944,0.0,0.6104,0.0,0.1569
23.90009,0.6944,0.0,0.6104,0.0,0.1569
23.92508,0.6944,0.0,0.6104,0.0,0.1569
23.95008,0.6944,0.0,0.6104,0.0,0.1569
23.97513,0.6944,0.0,0.6104,0.0,0.1569
24.00009,0.6944,0.0,0.6104,0.0,0.1569
24.02509,0.6944,0.0,0.6104,0.0,0.1569
24.0501,0.6944,0.0,0.6104,0.0,0.1569
24.07527,0.6944,0.0,0.6104,0.0,0.1569
24.10009,0.6944,0.0,0.6104,0.0,0.1569
24.12509,0.6944,0.0,0.6104,0.0,0.1569
24.15012,0.6944,0.0,0.6104,0.0,0.1569
24.17514,0.6944,0.0,0.6104,0.0,0.1569
24.20013,0.6944,0.0,0.6104,0.0,0.1569
24.22509,0.6944,0.0,0.6104,0.0,0.1569
24.2501,0.6944,0.0,0.6104,0.0,0.1569
24.27509,0.6944,0.0,0.6104,0.0,0.1569
24.30015,0.6944,0.0,0.6104,0.0,0.1569
24.32509,0.6944,0.0,0.6104,0.0,0.1569
24.35009,0.6944,0.0,0.6104,0.0,0.1569
24.37509,0.6944,0.0,0.6104,0.0,0.1569
24.40017,0.6944,0.0,0.6104,0.0,0.1569
24.42509,0.6944,0.0,0.6104,0.0,0.1569
24.45009,0.6944,0.0,0.6104,0.0,0.1569
24.47509,0.6944,0.0,0.6104,0.0,0.1569
24.50009,0.6944,0.0,0.6104,0.0,0.1569
24.52521,0.6944,0.0,0.6104,0.0,0.1569
24.55009,0.6944,0.0,0.6104,0.0,0.1569
24.57508,0.6944,0.0,0.6104,0.0,0.1569
24.60008,0.6944,0.0,0.6104,0.0,0.1569
24.62546,0.6944,0.0,0.6104,0.0,0.1569
24.65009,0.6944,0.0,0.6104,0.0,0.1569
24.67514,0.6944,0.0,0.6104,0.0,0.1569
24.7001,0.6944,0.0,0.6104,0.0,0.1569
24.72509,0.6944,0.0,0.6104,0.0,0.1569
24.75013,0.6944,0.0,0.6104,0.0,0.1569
24.77514,0.6944,0.0,0.6104,0.0,0.1569
24.80009,0.6944,0.0,0.6104,0.0,0.1569
24.82508,0.6944,0.0,0.6104,0.0,0.1569
24.8501,0.6944,0.0,0.6104,0.0,0.1569
24.87514,0.6944,0.0,0.6104,0.0,0.1569
24.90014,0.6944,0.0,0.6104,0.0,0.1569
24.92508,0.6944,0.0,0.6104,0.0,0.1569
24.95013,0.6944,0.0,0.6104,0.0,0.1569
24.97516,0.6944,0.0,0.6104,0.0,0.1569
25.00014,0.6944,0.0,0.6104,0.0,0.1569
25.02509,0.6944,0.0,0.6104,0.0,0.1569
25.0501,0.6944,0.0,0.6104,0.0,0.1569
25.07517,0.6944,0.0,0.6104,0.0,0.1569
25.10013,0.6944,0.0,0.6104,0.0,0.1569
25.12508,0.6944,0.0,0.6104,0.0,0.1569
25.15008,0.6944,0.0,0.6104,0.0,0.1569
25.17513,0.6944,0.0,0.6104,0.0,0.1569
25.20017,0.6944,0.0,0.6104,0.0,0.1569
25.22518,0.6944,0.0,0.6104,0.0,0.1569
25.25015,0.6944,0.0,0.6104,0.0,0.1569
25.27514,0.6944,0.0,0.6104,0.0,0.1569
25.30015,0.6944,0.0,0.6104,0.0,0.1569
25.32509,0.6944,0.0,0.6104,0.0,0.1569
25.35009,0.6944,0.0,0.6104,0.0,0.1569
25.37514,0.6944,0.0,0.6104,0.0,0.1569
25.40009,0.6944,0.0,0.6104,0.0,0.1569
25.42509,0.6944,0.0,0.6104,0.0,0.1569
25.45009,0.6944,0.0,0.6104,0.0,0.1569
25.47514,0.6944,0.0,0.6104,0.0,0.1569
25.50015,0.6944,0.0,0.6104,0.0,0.1569
25.52508,0.6944,0.0,0.6104,0.0,0.1569
25.5501,0.6944,0.0,0.6104,0.0,0.1569
25.57513,0.6944,0.0,0.6104,0.0,0.1569
25.60013,0.6944,0.0,0.6104,0.0,0.1569
25.62509,0.6944,0.0,0.6104,0.0,0.1569
25.6501,0.6944,0.0,0.6104,0.0,0.1569
25.6758,0.6944,0.0,0.6104,0.0,0.1569
25.70008,0.6944,0.0,0.6104,0.0,0.1569
25.72509,0.6944,0.0,0.6104,0.0,0.1569
25.7501,0.6944,0.0,0.6104,0.0,0.1569
25.7751,0.6944,0.0,0.6104,0.0,0.1569
25.80017,0.6944,0.0,0.6104,0.0,0.1569
25.82509,0.6944,0.0,0.6104,0.0,0.1569
25.85009,0.6944,0.0,0.6104,0.0,0.1569
25.87509,0.6944,0.0,0.6104,0.0,0.1569
25.90011,0.6944,0.0,0.6104,0.0,0.1569
25.92521,0.6944,0.0,0.6104,0.0,0.1569
25.95007,0.6944,0.0,0.6104,0.0,0.1569
25.97508,0.6944,0.0,0.6104,0.0,0.1569
26.00009,0.6944,0.0,0.6104,0.0,0.1569
26.02509,0.6944,0.0,0.6104,0.0,0.1569
26.05025,0.6944,0.0,0.6104,0.0,0.1569
26.07509,0.6944,0.0,0.6104,0.0,0.1569
26.10014,0.6944,0.0,0.6104,0.0,0.1569
26.12509,0.6944,0.0,0.6104,0.0,0.1569
26.15013,0.6944,0.0,0.6104,0.0,0.1569
26.17522,0.6944,0.0,0.6104,0.0,0.1569
26.20008,0.6944,0.0,0.6104,0.0,0.1569
26.22509,0.6944,0.0,0.6104,0.0,0.1569
26.2501,0.6944,0.0,0.6104,0.0,0.1569
26.27514,0.6944,0.0,0.6104,0.0,0.1569
26.30013,0.6944,0.0,0.6104,0.0,0.1569
26.32509,0.6944,0.0,0.6104,0.0,0.1569
26.35009,0.6944,0.0,0.6104,0.0,0.1569
26.3751,0.6944,0.0,0.6104,0.0,0.1569
26.40014,0.6944,0.0,0.6104,0.0,0.1569
26.42508,0.6944,0.0,0.6104,0.0,0.1569
26.45008,0.6944,0.0,0.6104,0.0,0.1569
26.47509,0.6944,0.0,0.6104,0.0,0.1569
26.50016,0.6944,0.0,0.6104,0.0,0.1569
26.52509,0.6944,0.0,0.6104,0.0,0.1569
26.55009,0.6944,0.0,0.6104,0.0,0.1569
26.57515,0.6944,0.0,0.6104,0.0,0.1569
26.60015,0.6944,0.0,0.6104,0.0,0.1569
26.62509,0.6944,0.0,0.6104,0.0,0.1569
26.65026,0.6944,0.0,0.6104,0.0,0.1569
26.67509,0.6944,0.0,0.6104,0.0,0.1569
26.70009,0.6944,0.0,0.6104,0.0,0.1569
26.72509,0.6944,0.0,0.6104,0.0,0.1569
26.75009,0.6944,0.0,0.6104,0.0,0.1569
26.77508,0.6944,0.0,0.6104,0.0,0.1569
26.80009,0.6944,0.0,0.6104,0.0,0.1569
26.82516,0.6944,0.0,0.6104,0.0,0.1569
26.85016,0.6944,0.0,0.6104,0.0,0.1569
26.87513,0.6944,0.0,0.6104,0.0,0.1569
26.90009,0.6944,0.0,0.6104,0.0,0.1569
26.92509,0.6944,0.0,0.6104,0.0,0.1569
26.9501,0.6944,0.0,0.6104,0.0,0.1569
