time_s,arm_pos_rad,arm_vel_rad_s,pendulum_angle_rad,pendulum_vel_rad_s,control_action,acceleration_cmd_rad_s2,pendulum_angle_unwrapped,sim_cart_pos,sim_pole_angle,env_cart_pos,env_pole_angle,dyn_ghost_sim_pole_angle,env_action
5.157e-06,0.0,0.0,3.138524692,-0.0015339808,-0.0184351355,-2.7652702332,6.280117345589793,-0.0011522712729065368,6.281323300087749,-1.1824717894623654e-07,6.280271115954208,6.280268227525745,0.0
0.025099982,0.0,0.0,3.1381411968,-0.0005113269,-0.0270751268,-4.0612688065,6.279733850389793,-0.0030827229788891954,6.283370245642724,-1.0109604863974953e-07,6.280704491269299,6.280699153666492,0.0
0.050082356,-0.000625,-0.0078539816,3.1381411968,0.0,-0.028789591,-4.31843853,6.279733850389793,-0.0055158757365653035,6.285773883785171,-7.422782642289197e-08,6.281374253472394,6.283167318643827,0.0
0.075078011,-0.00125,-0.0078539816,3.1377577016,-0.0005113269,-0.0278726257,-4.180893898,6.279350355189793,-0.008291594637365167,6.288135002855284,-4.029273741876298e-08,6.282214360303669,6.28567106657113,0.0
0.100151273,-0.004375,-0.0392699082,3.1323887689,-0.007158577,-0.0097271875,-1.4590780735,6.273981422489793,-0.011304877196725066,6.290115978026475,0.009117713333674726,6.274801736432934,6.295120685005228,-0.0097271875
0.125144012,-0.00625,-0.0235619449,3.1274033313,-0.0066472501,0.000491444,0.0737166032,6.268995984889793,-0.014444802406999106,6.291416447313807,0.04070994513825541,6.247815331654528,6.29995726181448,0.000491444
0.150109614,-0.01,-0.0471238898,3.1193499322,-0.0107378655,0.023350101,3.5025150776,6.260942585789794,-0.016944360143256537,6.29120731822255,0.10557140957848977,6.192165279735012,6.308445925505714,0.023350101
0.175173761,-0.0125,-0.0314159265,3.115131485,-0.0056245962,0.0319243856,4.7886576653,6.256724138589793,-0.018023070679664216,6.2888273204467975,0.22683159898493838,6.090631123813508,6.310989639034375,0.0319243856
0.200195303,-0.015,-0.0314159265,3.1155149802,0.0005113269,0.036040578,5.4060869217,6.2571076337897935,-0.017021211432440793,6.2839695541524545,0.3509632443036564,5.999417793047193,6.310730371167591,0.036040578
0.225123925,-0.015625,-0.0078539816,3.1201169226,0.0061359232,0.0284379683,4.2656950951,6.2617095761897925,-0.013763922022061356,6.277037901829981,0.47522837372080895,5.926812133287811,6.302407490261199,0.0284379683
0.250229323,-0.015625,0.0,3.1297043025,0.0127831732,0.0154453944,2.3168091774,6.2712969560897935,-0.008469236689186367,6.26899943050061,0.6001681643818474,5.877218061925313,6.290322300935368,0.0154453944
0.275224406,-0.015625,0.0,3.1412091584,0.0153398079,0.003814159,0.5721238256,6.282801811989794,-0.0017475406452967714,6.261270778430095,0.7255478025128884,5.854552860642734,6.277563146239887,0.003814159
0.300217249,-0.014375,0.0157079633,-3.1312382833,0.014317154,-0.0101903807,-1.5285570621,6.293539677469379,0.005622027055511667,6.255360249205786,0.851735749525984,5.860687620805854,6.26181785794761,-0.0101903807
0.325180612,-0.01375,0.0078539816,-3.118966437,0.0163624617,-0.0225498844,-3.3824827671,6.305811523769379,0.012711662319805892,6.252701945538126,0.9780289894460411,5.896764384752216,6.249930691402789,-0.0225498844
0.350128505,-0.01375,0.0,-3.1101460474,0.0117605194,-0.0269545615,-4.0431842804,6.31463191336938,0.018777560830663478,6.254208217365519,1.0961742246513984,5.968829820288612,6.243178152471774,-0.0269545615
0.375220153,-0.01375,0.0,-3.1063110955,0.0051132693,-0.0252851881,-3.7927782536,6.318466865269379,0.023395093339537792,6.260064656389145,1.217363175183961,6.061902455170942,6.2403876894094354,-0.0252851881
0.40022409,-0.014375,-0.0078539816,-3.1089955618,-0.0035792885,-0.0141079696,-2.1161954403,6.315782398969379,0.026573529767319522,6.269620228016286,1.3371135754300671,6.172941675702243,6.243556127126126,-0.0141079696
0.425172661,-0.015625,-0.0157079633,-3.1147479898,-0.0076699039,-7.81175e-05,-0.0117176212,6.31002997096938,0.0287980504439027,6.281431976160708,1.453869392267616,6.2950608458400525,6.252392481198576,-7.81175e-05
0.450225609,-0.018125,-0.0314159265,-3.1281703217,-0.0178964425,0.0267091841,4.006377697,6.2966076390693795,0.03123347017921175,6.293241692882648,1.5433014112300472,6.4415647434065315,6.267736129795893,0.0267091841
0.47523288,-0.019375,-0.0157079633,3.140442168,-0.0194304233,0.0431391373,6.4708704948,6.282034821589794,0.03514714570981998,6.302755226533135,1.5926555014639572,6.610681676345762,6.280909918286956,0.0431391373
0.500233535,-0.02,-0.0078539816,3.1270198361,-0.0178964425,0.0529565029,7.9434752464,6.268612489689795,0.04170259464547328,6.30806182300781,1.5871481542358488,6.797796707187741,6.292468935599636,0.0529565029
0.525168304,-0.019375,0.0078539816,3.1220343985,-0.0066472501,0.0471092016,7.066380024,6.263627052089794,0.05145776268592315,6.308274354631265,1.5158295681937515,6.993677044564206,6.2996144205214915,0.0471092016
0.550141511,-0.016875,0.0314159265,3.1201169226,-0.0025566346,0.0336760171,5.0514025688,6.261709576189793,0.06402871325428015,6.303903518926642,1.3879413431730214,7.2012808622954845,6.299479411995468,0.0336760171
0.575220294,-0.014375,0.0314159265,3.1270198361,0.0092038847,0.0130947176,1.9642076492,6.268612489689795,0.07954867351017965,6.295114968409707,1.2719140541862919,7.3498221946119955,6.297579453162992,0.0130947176
0.600217043,-0.009375,0.0628318531,3.1389081872,0.0158511348,-0.0206427239,-3.0964086056,6.280500840789794,0.09581570676238403,6.284838890623398,1.154740946411511,7.441915431512309,6.287097205322162,-0.0206427239
0.62512056,-0.005625,0.0471238898,-3.1343062448,0.0132945002,-0.0406339467,-6.0950918198,6.29047171596938,0.11152708705708193,6.275288391607643,1.0367972226149869,7.47515684708196,6.2796996968595575,-0.0406339467
0.650118558,-0.00125,0.0549778714,-3.1243353697,0.0132945002,-0.0626492649,-9.3973894119,6.30044259106938,0.12518166740805645,6.268745727649305,0.9183728370137985,7.452171882753233,6.270977051065313,-0.0626492649
0.675220412,0.000625,0.0235619449,-3.1216509033,0.0035792885,-0.0640595779,-9.6089363098,6.30312705746938,0.13555382817230235,6.266889607029584,0.7994248830481132,7.383095443610577,6.270634945297709,-0.0640595779
0.700221638,0.00125,0.0078539816,-3.1270198361,-0.007158577,-0.0522638075,-7.8395709991,6.297758124669381,0.14016892229212885,6.272110851399805,0.6798630112031526,7.286240722127178,6.2753039232622445,-0.0522638075
0.725221041,0.0,-0.0157079633,-3.1377577016,-0.014317154,-0.0311467834,-4.6720175743,6.28702025916938,0.14180096093450972,6.281207374566079,0.5597273730106805,7.185513620059686,6.286208249040988,-0.0311467834
0.750115963,-0.003125,-0.0392699082,3.1304712929,-0.0199417502,-0.0027020443,-0.4053066373,6.272063946489793,0.14127785342140917,6.292472816736201,0.4393755587883927,7.105202196816166,6.302307489927334,-0.0027020443
0.775157294,-0.00625,-0.0392699082,3.1105295426,-0.0265890003,0.0270860568,4.0629086494,6.252122196189794,0.14031644655134076,6.303176656285655,0.3194761141210705,7.065943363790348,6.316614519994433,0.0270860568
0.800217012,-0.01,-0.0471238898,3.0932722588,-0.0230097118,0.0529893897,7.9484086037,6.234864912389794,0.14085747557301306,6.310471416816981,0.20077791226169317,7.084712599255791,6.329408423047422,0.0529893897
0.825179539,-0.011875,-0.0235619449,3.084068374,-0.0122718463,0.0564562716,8.4684410095,6.225661027589794,0.14406719432785817,6.312602960197018,0.09751635798367161,7.153887130171118,6.3323128379271285,0.0564562716
0.850119879,-0.0125,-0.0078539816,3.084068374,0.0,0.0470747687,7.0612154007,6.225661027589794,0.15038024497062327,6.309022307760478,-0.025867840871498515,7.247591022045652,6.32670270967851,0.0470747687
0.875220222,-0.011875,0.0078539816,3.0940392492,0.0132945002,0.0266793109,4.0018968582,6.235631902789794,0.15950480578831114,6.300418182515702,-0.14325461898461989,7.327476702625438,6.313214185105467,0.0266793109
0.900221449,-0.009375,0.0314159265,3.1105295426,0.021987058,-0.002572245,-0.3858367503,6.252122196189794,0.17010627055058686,6.28892845927763,-0.2710712495680064,7.341996545870434,6.291394590042589,-0.002572245
0.925220592,-0.0075,0.0235619449,3.1350732352,0.0327249235,-0.0342944264,-5.1441640854,6.276665888789794,0.1804958550337822,6.277270683022478,-0.39518213849497985,7.287230672484021,6.270552313799254,-0.0342944264
0.950124263,-0.004375,0.0392699082,-3.1274033313,0.0276116542,-0.061423637,-9.2135457993,6.29737462946938,0.18868417747312688,6.268424676927518,-0.5197748509337766,7.168879884280553,6.2474941329958655,-0.061423637
0.975219555,-0.00375,0.0078539816,-3.1066945907,0.0276116542,-0.0783021897,-11.7453289032,6.31808337006938,0.19303328933011038,6.264731636292911,-0.6397168993038841,6.991382594001865,6.23511582551034,-0.0783021897
1.000228333,-0.005,-0.0157079633,-3.1005586675,0.0081812309,-0.0667871386,-10.0180711746,6.32421929326938,0.19285188807276465,6.2671191280954,-0.7427723936061627,6.754577115710417,6.2330498255286555,-0.0667871386
1.025230029,-0.0075,-0.0314159265,-3.1013256579,-0.0010226539,-0.04703857,-7.055785656,6.323452302869381,0.18841489997296018,6.275011756865221,-0.7903814167967439,6.434645887383443,6.239590378424695,-0.04703857
1.050120054,-0.01375,-0.0785398163,-3.1147479898,-0.0178964425,0.0007576961,0.1136544198,6.31002997096938,0.18156222325358098,6.285849697082969,-0.7783335733627533,6.046329031634414,6.261199375583892,0.0007576961
1.075219773,-0.01875,-0.0628318531,-3.1373742064,-0.0301682888,0.0465223826,6.9783573151,6.287403754369381,0.17476605714003465,6.296224439641262,-0.7032134222074108,5.610225894545222,6.281272756287508,0.0465223826
1.100119382,-0.02625,-0.0942477796,3.1235683793,-0.0296569619,0.0926809609,13.9021444321,6.265161032889794,0.1709701790590716,6.302396904966258,-0.5864767220568043,5.103192903841743,6.308228272321121,0.0926809609
1.125213267,-0.03,-0.0471238898,3.1059276003,-0.0235210387,0.1110214293,16.653213501,6.247520253889793,0.1728316794442496,6.3013580275972965,-0.4727109684970095,4.617516590619699,6.322104309369307,0.1110214293
1.150113917,-0.031875,-0.0235619449,3.1001751723,-0.0076699039,0.1074207127,16.1131076813,6.241767825889794,0.18141819987708782,6.29232140622911,-0.35291017729533014,4.256187803353955,6.326823358791623,0.1074207127
1.175223636,-0.030625,0.0157079633,3.1063110955,0.0081812309,0.0817982554,12.2697381973,6.247903749089795,0.19700186652363527,6.27603206602988,-0.23105053229045516,4.107554469299025,6.318684838667121,0.0817982554
1.200224602,-0.025,0.0706858347,3.1270198361,0.0276116542,0.0296183564,4.442753315,6.268612489689795,0.21752509555828187,6.256098081045681,-0.12901677786839827,4.186966841085184,6.294632090797811,0.0296183564
1.225188328,-0.02,0.0628318531,-3.1266363409,0.0393721736,-0.0188362636,-2.8254394531,6.29814161986938,0.24049635783289824,6.236826352554968,-0.008407153882091503,4.462890686536377,6.270206585633782,-0.0188362636
1.250101531,-0.01125,0.1099557429,-3.0971072107,0.0393721736,-0.0767196417,-11.5079460144,6.32767075006938,0.26237834414000616,6.223384376874895,0.1100072711417529,4.877005310432711,6.236410417473049,-0.0767196417
1.275137914,-0.006875,0.0549778714,-3.0717965277,0.0337475773,-0.1062363088,-15.9354467392,6.35298143306938,0.2803430419827577,6.219659915382638,0.23686238803129614,5.3585815002748465,6.219603292359708,-0.1062363088
1.30018758,-0.0025,0.0549778714,-3.0629761382,0.0117605194,-0.1121807247,-16.8271083832,6.36180182256938,0.2921859862206993,6.227983946449315,0.3622572326014526,5.88852443005339,6.20937286564857,-0.1121807247
1.325192712,-0.0025,0.0,-3.070262547,-0.0097152117,-0.0856085122,-12.8412771225,6.354515413769381,0.29759254610394326,6.247727055282141,0.487808794411442,6.432585639933811,6.2189046475540914,-0.0856085122
1.350126176,-0.005625,-0.0392699082,-3.093655754,-0.0311909427,-0.0338644609,-5.0796689987,6.331122206769381,0.29810680691228725,6.275413989196736,0.6036172566977702,6.969976658843272,6.243929672768362,-0.0338644609
1.375224489,-0.01,-0.0549778714,-3.1327722641,-0.0521553468,0.0313197114,4.697956562,6.29200569666938,0.29672747418929496,6.305471029164317,0.704731830561529,7.467004304141722,6.276458518661027,0.0313197114
1.400232486,-0.01625,-0.0785398163,3.1109130378,-0.0526666737,0.0838199705,12.5729951859,6.252505691389794,0.29695941260609465,6.331684237290619,0.7749715008862968,7.892538944729298,6.314961873157507,0.0838199705
1.42516246,-0.019375,-0.0392699082,3.0725635181,-0.0511326929,0.1154114604,17.3117198944,6.214156171689794,0.3018800877118028,6.348694692662416,0.8149210649956556,8.221228260555769,6.340809724281069,0.1154114604
1.450113477,-0.02125,-0.0235619449,3.0514712823,-0.0281229811,0.1195762157,17.9364318848,6.193063935889794,0.3135103154389012,6.353102568668194,0.8244746905368654,8.448314068126939,6.357613143266028,0.1195762157
1.475401118,-0.02,0.0157079633,3.0438013784,-0.0102265386,0.1000728607,15.0109291077,6.1853940319897935,0.3326258885360302,6.344072717269817,0.8119774061089,8.581383531979512,6.358513054428717,0.1000728607
1.500202026,-0.013125,0.086393798,3.0576072055,0.0184077695,0.0421165489,6.3174824715,6.199199859089794,0.3573966697975347,6.324005403835405,0.7893579454898477,8.633523136926478,6.335089489576746,0.0421165489
1.525199711,-0.006875,0.0785398163,3.0913547828,0.0449967698,-0.0207868796,-3.1180319786,6.232947436389794,0.3848292941615948,6.29796897779331,0.7670281124822266,8.615082455435527,6.308140654241739,-0.0207868796
1.550131143,0.003125,0.1256637061,3.1350732352,0.0582912699,-0.1009244323,-15.1386651993,6.276665888789794,0.41051406134628465,6.272620324429642,0.7516401254293398,8.529824162647838,6.268180136349242,-0.1009244323
1.575185184,0.00875,0.0706858347,-3.109379057,0.0516440199,-0.1456314623,-21.8447189331,6.31539890376938,0.43052151709463077,6.254020313917028,0.7454750969240201,8.373990626139808,6.242191411769853,-0.1456314623
1.600191566,0.013125,0.0549778714,-3.0825343933,0.0357928851,-0.1669349819,-25.0402469635,6.34224356746938,0.44146097219758496,6.247020959533988,0.7448501434131098,8.136813255829846,6.224242178657089,-0.1669349819
1.625200553,0.0125,-0.0078539816,-3.0756314797,0.0092038847,-0.1448090076,-21.7213516235,6.34914648106938,0.4422681902814087,6.253124860583027,0.7435857877049958,7.807034929034035,6.226567044601099,-0.1448090076
1.650100108,0.005625,-0.086393798,-3.0886703164,-0.0173851156,-0.0857077688,-12.8561649323,6.33610764436938,0.43426264052496955,6.270320724260234,0.7337606333176748,7.381871218343365,6.2527157579988675,-0.0857077688
1.675140292,-0.001875,-0.0942477796,-3.1251023601,-0.0485760583,-0.0050558466,-0.7583770156,6.29967560066938,0.4206615269757649,6.293783977650065,0.7066919391990052,6.880412698307009,6.283946952000455,-0.0050558466
1.700225841,-0.015625,-0.1727875959,3.1128305138,-0.0603365777,0.0929061472,13.935921669,6.2544231673897945,0.40683452946432885,6.316143176268925,0.6617913181548817,6.341972557400782,6.333001976341211,0.0929061472
1.725170293,-0.024375,-0.1099557429,3.0725635181,-0.0536893276,0.1461090297,21.9163551331,6.214156171689794,0.39765159401253375,6.3307028576739945,0.6101595980166091,5.808057159352893,6.3616268245885434,0.1461090297
1.750227925,-0.033125,-0.1099557429,3.0457188543,-0.0357928851,0.1852063388,27.7809505463,6.1873115078897944,0.3972704523391794,6.332278371910987,0.5709417496657945,5.306759366998955,6.383302152171795,0.1852063388
1.775102271,-0.035625,-0.0314159265,3.0380489504,-0.0102265386,0.1693817526,25.4072628021,6.179641603989794,0.4075960747962902,6.31912860970145,0.5438710405311432,4.875380192324781,6.377881517967406,0.1693817526
1.800229019,-0.0325,0.0392699082,3.0599081766,0.029145635,0.1049764901,15.7464733124,6.2015008301897945,0.42804267893381714,6.2932871509721675,0.534203471180382,4.537834120401217,6.347255242397715,0.1049764901
1.8250955,-0.026875,0.0706858347,3.1032431339,0.057779943,0.0284391232,4.2658686638,6.2448357874897935,0.45498958802896283,6.260798259433315,0.53797984387609,4.299004921524005,6.302727383514952,0.0284391232
1.850110996,-0.015625,0.1413716694,-3.1224178937,0.0766990394,-0.0737204626,-11.0580692291,6.3023600670693805,0.4838785661140399,6.229116319197374,0.5552549234408873,4.156030524176897,6.239567077259822,-0.0737204626
1.875135866,-0.0075,0.1021017612,-3.0637431286,0.0782330202,-0.1495322585,-22.4298381805,6.361034832169381,0.508868428356455,6.206730295938298,0.5819109696615229,4.102405741320148,6.189439344671224,-0.1495322585
1.900178758,0.0,0.0942477796,-3.0204081713,0.057779943,-0.1875799298,-28.1369895935,6.40436978946938,0.5254477949634024,6.199913120760262,0.6136853602549072,4.133383967029371,6.150631335767691,-0.1875799298
1.925229619,0.001875,0.0235619449,-3.0027673923,0.0235210387,-0.1713803113,-25.7070465088,6.42201056846938,0.5314138254801717,6.211220401301434,0.6482173451470875,4.249120722151068,6.140911783952651,-0.1713803113
1.950125007,-0.0025,-0.0549778714,-3.0135052578,-0.014317154,-0.103689909,-15.5534858704,6.411272702969381,0.5277713223233499,6.2384249146670445,0.6857495468047221,4.4547226775292295,6.163230086306462,-0.103689909
1.975294986,-0.009375,-0.086393798,-3.0553062343,-0.0557346353,-0.0112750698,-1.691260457,6.36947172646938,0.517858368305882,6.2756018488177405,0.7277250928182655,4.7562031507375835,6.204621712223014,-0.0112750698
2.000198708,-0.02125,-0.149225651,-3.1162819706,-0.0813009818,0.0917937458,13.7690620422,6.30849599016938,0.5074931542935128,6.313611082997333,0.7739834009363619,5.152985244726259,6.266890894653992,0.0917937458
2.025192015,-0.029375,-0.1021017612,3.1047771147,-0.0828349625,0.1561594605,23.4239196777,6.246369768289794,0.5017146694205139,6.344069748130656,0.8226664947450639,5.63119937391461,6.32018364727805,0.1561594605
2.050111362,-0.0375,-0.1021017612,3.0537722535,-0.0680064816,0.2050956041,30.7643413544,6.195364907089794,0.5054699428970443,6.359527142794352,0.8654145430876442,6.166096492333698,6.3697130043303645,0.2050956041
2.075158889,-0.03875,-0.0157079633,3.0250101137,-0.0383495197,0.1953825504,29.3073825836,6.1666027672897945,0.5214170597032376,6.3562557327294575,0.8918825182260564,6.724132051276916,6.3915615971012665,0.1953825504
2.100214073,-0.033125,0.0706858347,3.0219421521,-0.0040906154,0.1448838711,21.7325801849,6.163534805689793,0.5494590541161727,6.334973071208959,0.8978302935867803,7.257377311110992,6.3833732940241354,0.1448838711
2.125229569,-0.025,0.1021017612,3.0541557487,0.0429514621,0.0644436479,9.6665468216,6.1957484022897935,0.5868353850530388,6.300558201729214,0.8805152774920959,7.724229611811704,6.357112940271126,0.0644436479
2.150234804,-0.008125,0.2120575041,3.1059276003,0.0690291355,-0.0590725616,-8.8608846664,6.247520253889793,0.627795926946827,6.26179128047927,0.8333812361271463,8.09965878237686,6.298147995518129,-0.0590725616
2.175315301,0.00375,0.149225651,-3.1135975042,0.0848802703,-0.1562402397,-23.4360351562,6.31118045656938,0.6659714839310048,6.22830315615757,0.768036738642287,8.380364126490592,6.251819185254871,-0.1562402397
2.200226106,0.019375,0.1963495408,-3.0583741958,0.0736310778,-0.2291520089,-34.3728027344,6.36640376496938,0.6945834406148735,6.209539387683464,0.6943370170982134,8.559458493790467,6.198485776977482,-0.2291520089
2.225168422,0.025,0.0706858347,-3.0299955513,0.0378381928,-0.2323365659,-34.8504867554,6.39478240946938,0.7102864856513106,6.210268830749487,0.6318263095204055,8.653517154402609,6.182505232354633,-0.2323365659
2.250410226,0.025625,0.0078539816,-3.0265440945,0.0046019424,-0.2009536773,-30.1430511475,6.39823386626938,0.7113840427493004,6.231791515515325,0.5986510901586058,8.691595187568801,6.190349835603397,-0.2009536773
2.275138578,0.02125,-0.0549778714,-3.0568402151,-0.0403948274,-0.1208533049,-18.1279964447,6.36793774566938,0.6998826962030277,6.269339740036722,0.6070446400644051,8.693185694693662,6.221212187432752,-0.1208533049
2.300224023,0.0075,-0.1727875959,-3.1162819706,-0.079255674,-0.0052010231,-0.7801534534,6.30849599016938,0.6806359877182828,6.315615703344434,0.6498144684719208,8.653235379110173,6.286095309124583,-0.0052010231
2.325179465,-0.00375,-0.1413716694,3.0925052684,-0.0991974243,0.0966654867,14.4998226166,6.234097921989794,0.6596838932971705,6.359893003566843,0.7294309129300345,8.567473902285808,6.3438661058777255,0.0966654867
2.350120167,-0.019375,-0.1963495408,3.0238596281,-0.0915275203,0.1958467364,29.3770103455,6.165452281689794,0.6442273291199535,6.391194128211949,0.8330230895687841,8.416663040999623,6.407772758303976,0.1958467364
2.375164048,-0.026875,-0.0942477796,2.9743887477,-0.0659611739,0.2257209718,33.8581466675,6.115981401289794,0.6392282424541449,6.4020242367618545,0.9431591790319821,8.179376028279666,6.435720388726862,0.2257209718
2.400193398,-0.030625,-0.0471238898,2.9590489398,-0.0204530772,0.2228485793,33.4272880554,6.100641593389795,0.6479269409613033,6.388592346047753,1.0401859456008684,7.84152618956427,6.438473731986168,0.2228485793
2.425250874,-0.028125,0.0314159265,2.9747722429,0.0209644041,0.1657286584,24.8592987061,6.116364896489794,0.6703499636799684,6.352510007009743,1.1083652623716662,7.406218459520016,6.409106798632577,0.1657286584
2.450100583,-0.01625,0.149225651,3.0288450657,0.072097097,0.0406960472,6.1044073105,6.170437719289795,0.7017908668958999,6.301908730264497,1.134808883528891,6.900718032700183,6.3400171214613685,0.0406960472
2.475149309,-0.005,0.1413716694,3.1155149802,0.115559886,-0.0951373726,-14.270606041,6.257107633789794,0.73608349494488,6.247510457593089,1.1147556091540032,6.377939999744123,6.266528347824964,-0.0951373726
2.500119803,0.011875,0.2120575041,-3.0771654605,0.1206731553,-0.2156014889,-32.3402252197,6.34761250026938,0.7645499043869645,6.202624885933234,1.0604160003962815,5.881420995099103,6.178837868410632,-0.2156014889
2.525152851,0.02,0.1021017612,-3.0039178779,0.0976634435,-0.2704415321,-40.5662307739,6.42086008286938,0.7809676909099138,6.1772404286354945,0.9885811984134452,5.441180489629839,6.126789037987323,-0.2704415321
2.55020366,0.02375,0.0471238898,-2.9621169014,0.0557346353,-0.2638836801,-39.5825538635,6.46266105936938,0.7814309469310216,6.177199801015453,0.9158595960947091,5.071303419237659,6.102798805511176,-0.2638836801
2.575108215,0.02,-0.0471238898,-2.961349911,0.0010226539,-0.1964860708,-29.4729099274,6.46342804976938,0.7660417432151594,6.202059523871211,0.8511191774963126,4.783118125547525,6.1169650200418255,-0.1964860708
2.600192514,0.005625,-0.1806415776,-3.0035343827,-0.0562459622,-0.0848802328,-12.7320346832,6.42124357806938,0.7379945180503831,6.246108399273905,0.8030012867483681,4.583588589628042,6.178494791177631,-0.0848802328
2.625132383,-0.008125,-0.1727875959,-3.0790829365,-0.1007314051,0.0432146452,6.4821968079,6.34569502426938,0.704153543690705,6.298506396440257,0.7828311210799139,4.484213476480337,6.248641756849503,0.0432146452
2.650230847,-0.03,-0.2748893572,3.113214009,-0.1211844822,0.2056510597,30.8476581573,6.254806662589795,0.673276115671218,6.346011581824371,0.7847543859778258,4.48547790358288,6.3412788242730675,0.2056510597
2.675163682,-0.0425,-0.1570796327,3.033447008,-0.1063560013,0.2654089332,39.811340332,6.1750396615897944,0.6530760212020554,6.376948940674802,0.8072750008707642,4.587197028884846,6.405538874115432,0.2654089332
2.700219905,-0.05375,-0.1413716694,2.9789906901,-0.072608424,0.3118692935,46.7803955078,6.120583343689795,0.6493397643995559,6.383155530497499,0.8464537886483097,4.788471964840558,6.452763127524428,0.3118692935
2.725180189,-0.054375,-0.0078539816,2.9655683582,-0.0178964425,0.2794778347,41.9216766357,6.107161011789795,0.6647316567049092,6.3619202193123074,0.8984558530265533,5.085309854999129,6.454232869694489,0.2794778347
2.750226829,-0.044375,0.1256637061,2.9874275844,0.029145635,0.1816115826,27.2417373657,6.129020237989795,0.6977618424734262,6.317102693290525,0.9590934432305087,5.465568326902672,6.409356423021325,0.1816115826
2.775218207,-0.031875,0.1570796327,3.0614421574,0.0986860974,0.0433905385,6.5085806847,6.203034810989795,0.7426308293394752,6.258683264191791,1.019549423513636,5.909669948504399,6.343449938056054,0.0433905385
2.800232346,-0.008125,0.2984513021,-3.1254858553,0.1283430593,-0.1129913032,-16.9486961365,6.299292105469381,0.7910562037377264,6.199991367266132,1.0647359176699727,6.3974421819376195,6.238878667186883,-0.1129913032
2.825219245,0.0075,0.1963495408,-3.0292285609,0.1283430593,-0.2390922755,-35.8638420105,6.395549399869381,0.8337571714711046,6.1551663476686,1.0865010287688865,6.894030689613975,6.161546619486056,-0.2390922755
2.85033198,0.025625,0.2277654674,-2.9540635023,0.1002200781,-0.2998418212,-44.976272583,6.470714458469381,0.8635732557423489,6.13502604502119,1.0759511648745206,7.360719117573221,6.092086194633046,-0.2998418212
2.875211584,0.031875,0.0785398163,-2.9210829153,0.0439741159,-0.285512507,-42.826877594,6.503695045469382,0.8760904321935947,6.145448180085273,1.0257946506983586,7.7632734697840435,6.071153953240586,-0.285512507
2.900230359,0.030625,-0.0157079633,-2.9279858289,-0.0092038847,-0.2154248953,-32.3137359619,6.496792131869381,0.8713750773449919,6.185123753818404,0.9393941773383473,8.091074109406884,6.092817062373239,-0.2154248953
2.925161006,0.023125,-0.0942477796,-2.9843596228,-0.0751650586,-0.1045372486,-15.6805877686,6.440418337969382,0.852810733743971,6.246800976092154,0.8254661621629871,8.302862517977676,6.151140772646477,-0.1045372486
2.95012905,0.00625,-0.2120575041,-3.0767819653,-0.12322979,0.0305749364,4.5862402916,6.347995995469381,0.826821229315063,6.318338706992415,0.7049941445906611,8.356251571273408,6.249687921879612,0.0305749364
2.9752184,-0.0075,-0.1727875959,3.0959567252,-0.1472621556,0.1556289494,23.3443431854,6.2375493787897955,0.8012712373663159,6.385429504052614,0.593847948668757,8.251171868053596,6.342578149282478,0.1556289494
3.00023181,-0.024375,-0.2120575041,2.9920295268,-0.1385695978,0.2554479837,38.3171958923,6.133622180389795,0.7845329897306105,6.433867697362088,0.5090643435803244,8.025871217609417,6.435967586860814,0.2554479837
3.025240532,-0.031875,-0.0942477796,2.9160974778,-0.101242732,0.2865514755,42.9827194214,6.057690131389795,0.7822553885792737,6.453989968937842,0.4629844266671932,7.718222240547635,6.4902199449180875,0.2865514755
3.050110969,-0.0325,-0.0078539816,2.8838838812,-0.0429514621,0.2785170972,41.7775650024,6.025476534789795,0.7977120615529976,6.441286657105766,0.4565116293489676,7.328071121931594,6.504566394033054,0.2785170972
3.075105889,-0.026875,0.0706858347,2.9003741747,0.021987058,0.205943957,30.8915939331,6.0419668282897945,0.8309027206013748,6.397550949492151,0.4686233368238531,6.844132466424006,6.479744059141158,0.205943957
3.100192113,-0.00875,0.2277654674,2.9694033101,0.0920388473,0.0623913296,9.3586997986,6.1109959636897955,0.8769038280746659,6.331944593040683,0.4781888426237333,6.314614600638567,6.399589461395845,0.0623913296
3.125156147,0.0075,0.2042035225,3.0698790518,0.1339676555,-0.0882302672,-13.2345399857,6.211471705389795,0.9272050628534358,6.258716375375592,0.5002193385211402,5.77245689397062,6.313362101362274,-0.0882302672
3.150096221,0.03125,0.2984513021,-3.1009421627,0.1498187903,-0.2183315605,-32.7497329712,6.323835798069381,0.9732037893109955,6.192706085190945,0.5415253199155553,5.260567790301239,6.207404228439235,-0.2183315605
3.175411254,0.045,0.1727875959,-2.9981654499,0.1370356171,-0.3284608722,-49.2691307068,6.426612510869381,1.0059621152215852,6.148234564054498,0.603204821814675,4.817952717859935,6.132257228147577,-0.3284608722
3.200224294,0.055625,0.1335176878,-2.9348887424,0.0843689433,-0.3624679148,-54.3701858521,6.489889218369381,1.0190371720940559,6.135862320029508,0.6776211614793072,4.471204050856956,6.0833449294339985,-0.3624679148
3.22543698,0.055,-0.0078539816,-2.9191654393,0.0209644041,-0.3092369437,-46.3855400085,6.505612521469381,1.0092513108857828,6.1589438332006,0.7516806643578571,4.224324570819116,6.08436433591633,-0.3092369437
3.250124183,0.041875,-0.1649336143,-2.9578984542,-0.0516440199,-0.199053362,-29.8580036163,6.466879506569381,0.9801999289521702,6.21088008559919,0.8159586256953948,4.065303982956151,6.1388676398846815,-0.199053362
3.27522171,0.025625,-0.2042035225,-3.0445683688,-0.115559886,-0.05978797,-8.9681959152,6.380209591969381,0.936965479385463,6.282590999769492,0.8649835346449998,3.9798320611594455,6.219022522934628,-0.05978797
3.300163138,-0.003125,-0.3612831552,3.1277868265,-0.1477734826,0.1369213909,20.5382080078,6.269379480089794,0.8900541751571361,6.3569021649315145,0.8939234896852526,3.9565063929224085,6.341151574369408,0.1369213909
3.325226706,-0.0225,-0.2434734307,3.0085198202,-0.159022675,0.261245966,39.1868934631,6.150112473789795,0.8482802593749773,6.418660262603834,0.8996264369019339,3.9897598552820703,6.430019173874453,0.261245966
3.350109279,-0.045625,-0.2905973205,2.9149469922,-0.1247637707,0.3572915792,53.5937385559,6.056539645789795,0.8226258931229172,6.4519042560459114,0.8832249611539237,4.082241378155544,6.5142863313129356,0.3572915792
3.375107428,-0.054375,-0.1099557429,2.8673935878,-0.0634045392,0.3729555309,55.9433288574,6.008986241389795,0.8179257683943733,6.449235663895867,0.8502055657532286,4.244042012836095,6.538004937800998,0.3729555309
3.400225789,-0.05375,0.0078539816,2.8754469869,0.0107378655,0.3252770007,48.7915496826,6.017039640489795,0.8371946892454838,6.4086037769866016,0.8094751853295196,4.489171467355514,6.511207951537508,0.3252770007
3.425223365,-0.045,0.1099557429,2.93987418,0.0859029241,0.1955555826,29.3333377838,6.081466833589795,0.8770658847062371,6.3375555435536235,0.7691485134432553,4.828208941344521,6.4397585127722605,0.1955555826
3.450134324,-0.021875,0.2905973205,3.0564567199,0.1554433865,0.0034308564,0.5146284699,6.198049373489795,0.9291603509593587,6.250903996438593,0.7353467599755824,5.261135985146819,6.3118102337206246,0.0034308564
3.475271279,-0.003125,0.235619449,-3.0863693452,0.1871456561,-0.1752471179,-26.2870674133,6.3384086155693815,0.9837397021399528,6.165836386784962,0.7097241208385647,5.770151544277411,6.192479990674899,-0.1752471179
3.500300262,0.023125,0.3298672286,-2.9494615599,0.1825437138,-0.2999646366,-44.9946937561,6.4753164008693815,1.0293406245345524,6.100887482107735,0.6818764600259495,6.32506027222294,6.062092073016411,-0.2999646366
3.525216169,0.03625,0.1649336143,-2.8489858183,0.1339676555,-0.391165942,-58.6748924255,6.575792142469381,1.0570153249907834,6.0703590630542585,0.6421058397430474,6.885643706030129,5.989220358909276,-0.391165942
3.550110149,0.04375,0.0942477796,-2.8018159091,0.0628932123,-0.3685941696,-55.2891235352,6.622962051669381,1.0622116422780261,6.081116812896218,0.5883598419551782,7.418303005917332,5.960167846081509,-0.3685941696
3.575120746,0.04,-0.0471238898,-2.8167722218,-0.0199417502,-0.2792021036,-41.8803138733,6.608005738969381,1.0444514214794183,6.132135757169876,0.51791916992421,7.901299584815908,5.991223131250559,-0.2792021036
3.600209002,0.0225,-0.2199114858,-2.8950052419,-0.1043106936,-0.1283492893,-19.2523937225,6.529772718869381,1.008353228046319,6.213828747879623,0.43720906388213304,8.286219095744013,6.089133272175631,-0.1283492893
3.625277882,0.005,-0.2199114858,-3.0234761329,-0.1712945213,0.0638136417,9.5720462799,6.401301827869381,0.9635390304262208,6.309271389107329,0.36084212177331393,8.543941931498297,6.206686605540399,0.0638136417
3.650099514,-0.025,-0.3769911184,3.1063110955,-0.2045307717,0.2645546496,39.6831970215,6.247903749089796,0.922799359728913,6.3974753939603985,0.3042129897306956,8.702079830304568,6.364947501035123,0.2645546496
3.675175006,-0.043125,-0.2277654674,2.9548304927,-0.2019741371,0.3283994794,49.2599220276,6.096423146289796,0.8939102646889137,6.462958198813192,0.28369089636940237,8.806851345589799,6.4812039226628215,0.3283994794
3.7001868,-0.06,-0.2120575041,2.8455343615,-0.1457281748,0.3927412331,58.9111862183,5.987127015089796,0.8856477542671317,6.491591667736731,0.3172869590078064,8.89526635481248,6.575075731696302,0.3927412331
3.725181092,-0.063125,-0.0392699082,2.7929955195,-0.0700517893,0.3966618776,59.4992828369,5.934588173089796,0.9028566210170786,6.4768165910384345,0.38996284692302235,8.96326593489821,6.604505814471127,0.3966618776
3.750117935,-0.05375,0.1178097245,2.8041168803,0.0148284809,0.3203209043,48.0481338501,5.945709533889796,0.945989103297188,6.420556051587915,0.5136782280377246,9.022127177129555,6.569189226643098,0.3203209043
3.775163427,-0.03875,0.1884955592,2.885417862,0.108401309,0.1912406683,28.6861000061,6.027010515589796,1.0117240095797426,6.33190706469366,0.6391981667701673,9.032706024579173,6.489936342752363,0.1912406683
3.80021069,-0.005625,0.4162610266,3.0223256473,0.1825437138,0.0089470092,1.3420513868,6.163918300889796,1.0911096330193097,6.227404318455506,0.7648239505463961,8.995354246140868,6.339240443498178,0.0089470092
3.825231025,0.02,0.322013247,-3.0978742011,0.217313945,-0.1871187836,-28.067817688,6.326903759669382,1.1724110159526142,6.126918524174793,0.8908596139034786,8.90717841712981,6.204934633296538,-0.1871187836
3.850120263,0.055625,0.4476769531,-2.9444761223,0.2045307717,-0.3108105659,-46.6215858459,6.480301838469382,1.244670502761083,6.049196361899933,1.013765381605679,8.75754173774914,6.053379734943621,-0.3108105659
3.875167213,0.074375,0.235619449,-2.8255926113,0.1585113481,-0.4469507337,-67.0426101685,6.599185349469382,1.297704615202966,6.010724019956545,1.1303378714661172,8.53336806346077,5.967687826898832,-0.4469507337
3.900223695,0.089375,0.1884955592,-2.7603984278,0.086925578,-0.4701733887,-70.526008606,6.664379532969382,1.3231735226003538,6.022999454713355,1.24954034385229,8.22604391921423,5.921872167761814,-0.4701733887
3.925110224,0.08875,-0.0078539816,-2.7715197885,-0.0148284809,-0.3824219108,-57.3632850647,6.653258172269382,1.319557832624628,6.086345575010075,1.3516210030249138,7.816990552575944,5.951058970801528,-0.3824219108
3.950170404,0.071875,-0.2120575041,-2.8528207703,-0.108401309,-0.2547498643,-38.2124786377,6.571957190469382,1.2894565898555532,6.1921407308239615,1.4173441379077252,7.310489936763169,6.054797863615302,-0.2547498643
3.975109851,0.0525,-0.2434734307,-2.9996994307,-0.1958382139,-0.0564524196,-8.4678630829,6.425078530069382,1.241928652924215,6.321772690750802,1.4319168085973524,6.74597275085501,6.189370509722845,-0.0564524196
4.000190605,0.016875,-0.4476769531,3.0963402203,-0.2495275415,0.1737016141,26.0552425385,6.237932873889796,1.1891773906833438,6.451681814485024,1.3935014675433637,6.187298979208916,6.379417858411086,0.1737016141
4.025149167,-0.0075,-0.3063052837,2.9111120402,-0.2469709068,0.2659916282,39.8987426758,6.052704693789796,1.1420025373002891,6.559866091167656,1.3161277474216158,5.677045681526439,6.52945250250493,0.2659916282
4.050111636,-0.035625,-0.3534291735,2.7603984278,-0.2009514832,0.3622401357,54.3360214233,5.901991081389796,1.1094020176573465,6.628194828419813,1.2167469576257366,5.242584203842499,6.661466009634226,0.3622401357
4.075108689,-0.048125,-0.1570796327,2.6679760853,-0.12322979,0.4154623747,62.319355011,5.809568738889795,1.099215214062667,6.64360268079147,1.1084456395424074,4.884976109081891,6.722920567955038,0.4154623747
4.100221683,-0.0525,-0.0549778714,2.6426654023,-0.0337475773,0.4218674898,63.2801246643,5.784258055889796,1.117034962818187,6.600493899741245,1.0011353308619353,4.61201375831749,6.719665970562957,0.4218674898
4.125113108,-0.045625,0.086393798,2.6994226915,0.0756763855,0.3468066156,52.0209922791,5.841015345089796,1.1630110753609573,6.503807229857886,0.9070283802125568,4.43499103402845,6.646841027237578,0.3468066156
4.150129901,-0.02125,0.3063052837,2.8374809624,0.1840776945,0.199453041,29.9179553986,5.979073615989796,1.2334235941502854,6.366516791095558,0.8397698323792049,4.357940111981292,6.492076410989899,0.199453041
4.175158257,0.0025,0.2984513021,3.0299955513,0.2566861185,-0.030063631,-4.5095448494,6.171588204889796,1.3169517792529148,6.211251974642149,0.8100495963779782,4.385965220200776,6.318665911825362,-0.030063631
4.200227031,0.041875,0.4948008429,-3.0303790465,0.2970809459,-0.2167712003,-32.5156784058,6.394398914269383,1.4013870288780494,6.062336541139817,0.8138067593950176,4.517322191617845,6.104791747887466,-0.2167712003
4.225150176,0.066875,0.3141592654,-2.8267430969,0.2715145995,-0.4262159169,-63.9323883057,6.5980348638693815,1.4718570827189057,5.946238024608726,0.835169980846068,4.748435492920739,5.940433227211654,-0.4262159169
4.250085821,0.093125,0.3298672286,-2.6744955037,0.2029967909,-0.5013967156,-75.2095108032,6.750282457069382,1.5187311358144135,5.88216069378998,0.875678856223134,5.075958960140429,5.806070924552944,-0.5013967156
4.275119855,0.100625,0.0942477796,-2.5928110267,0.1089126359,-0.5334829092,-80.0224380493,6.831966934069381,1.5337116375274105,5.883402673081219,0.9275246570543985,5.486826440766943,5.762590830867847,-0.5334829092
4.300288163,0.0925,-0.1021017612,-2.6062333586,-0.0178964425,-0.4384490848,-65.767364502,6.818544602169382,1.5141137247796097,5.9517005179229,0.9819233027694118,5.958785590628182,5.805633198706085,-0.4384490848
4.325368655,0.075,-0.2199114858,-2.7132285186,-0.1426602133,-0.255648464,-38.3472709656,6.711549442169382,1.4649356050179692,6.075642144283085,1.022730126392484,6.469076197756756,5.9177971508581395,-0.255648464
4.350310342,0.035625,-0.4948008429,-2.8919372804,-0.2382783491,-0.0392662995,-5.8899450302,6.532840680369382,1.3970262406738876,6.233855043220348,1.0419047989388759,6.979606976355296,6.12108876951982,-0.0392662995
4.375247706,0.004375,-0.3926990817,-3.1124470186,-0.2940129843,0.2109224498,31.6383666992,6.312330942169382,1.3254094327469077,6.398348731167111,1.0318436690017292,7.450056406540899,6.317331815768247,0.2109224498
4.400200279,-0.04,-0.557632696,2.9440926271,-0.3021942152,0.3382470608,50.7370605469,6.085685280689795,1.2603968026571146,6.545164941212168,0.9846218917602066,7.84818413245942,6.540163546021114,0.3382470608
4.425215354,-0.064375,-0.3063052837,2.7500440575,-0.2587314262,0.3830935061,57.4640274048,5.891636711089795,1.2130064406060548,6.651095451532247,0.904667688119029,8.162556480438395,6.692578819751471,0.3830935061
4.450338348,-0.088125,-0.2984513021,2.6185052049,-0.1753851367,0.4750395715,71.2559356689,5.760097858489795,1.1910622100408048,6.699622963853036,0.801809659917964,8.36148469021171,6.802824655675068,0.4750395715
4.475289462,-0.094375,-0.0785398163,2.5682673341,-0.0669838277,0.4850741327,72.7611236572,5.709859987689795,1.201030360810842,6.681471706317728,0.693768554568164,8.418563207665283,6.822916018276095,0.4850741327
4.500224274,-0.08625,0.1021017612,2.6027819018,0.0460194236,0.4397392273,65.9608840942,5.744374555389795,1.2451942996824374,6.597913461481195,0.6000881244079269,8.347099880280172,6.758096605494597,0.4397392273
4.525180597,-0.069375,0.2120575041,2.7327867736,0.173339829,0.3324950635,49.8742599487,5.874379427189795,1.3217725554672701,6.459634042357653,0.5376150411477992,8.183513229474077,6.6262637305824645,0.3324950635
4.550143586,-0.03,0.4948008429,2.932204276,0.2658900032,0.1724244654,25.8636703491,6.073796929589795,1.4236557259178957,6.285494560049219,0.5152104453300227,7.948438484455846,6.4028728697610395,0.1724244654
4.575287727,0.003125,0.4162610266,-3.0990246867,0.3359417925,-0.105607301,-15.8410949707,6.325753274069381,1.5376277551172883,6.100934347562149,0.5288747972503962,7.619835256197656,6.185247544713462,-0.105607301
4.600109515,0.058125,0.6911503838,-2.8466848471,0.3364531195,-0.2378787696,-35.6818161011,6.5780931136693805,1.648876320932247,5.93269437145293,0.5405730094033239,7.19947304178501,5.9229727022783205,-0.2378787696
4.625145371,0.0925,0.4319689899,-2.6150537481,0.3088414653,-0.4513486624,-67.7023010254,6.809724212669382,1.746944964299418,5.802862381318635,0.5487444860507711,6.706897411955348,5.734536029192295,-0.4513486624
4.650108879,0.1325,0.5026548246,-2.4455488711,0.2260065027,-0.509252131,-76.3878173828,6.979229089669381,1.81974797865455,5.73366291405892,0.5464547032063386,6.186482269936153,5.58134626887289,-0.509252131
4.67519411,0.148125,0.1963495408,-2.3669323557,0.1048220205,-0.5681731105,-85.2259674072,7.057845605069382,1.8590531502505394,5.739657178163995,0.5497305714386915,5.672354919788912,5.538917315242696,-0.5681731105
4.700194442,0.151875,0.0471238898,-2.3880245915,-0.0281229811,-0.4957769215,-74.3665390015,7.036753369269381,1.8608738799353832,5.824987135515103,0.5682719076925543,5.2021344779037095,5.5873017905080635,-0.4957769215
4.725246287,0.141875,-0.1256637061,-2.509592569,-0.1620906366,-0.3379479349,-50.6921920776,6.915185391769381,1.8280155166937433,5.980523143509969,0.6046480011879297,4.808424911210262,5.728313969936553,-0.3379479349
4.750121876,0.110625,-0.3926990817,-2.7274178409,-0.2904336958,-0.1485076547,-22.2761478424,6.697360119869382,1.7694741573692978,6.184962836653554,0.6557660323641441,4.510804787516314,5.967945714140162,-0.1485076547
4.77509601,0.083125,-0.3455751919,-3.0039178779,-0.368666716,0.1026103497,15.3915519714,6.420860082869381,1.6987159520504576,6.408061257306852,0.7146113048039063,4.313314895332786,6.226960554483142,0.1026103497
4.800157906,0.039375,-0.5497787144,2.969019815,-0.4136634858,0.2084412128,31.2661819458,6.110612468589795,1.6270590007153527,6.619890805071799,0.774935195922534,4.21059371290382,6.536963557306683,0.2084412128
4.825129019,0.013125,-0.3298672286,2.6675925901,-0.4019029664,0.19261989,28.8929843903,5.809185243689796,1.5604686851199518,6.797116445182329,0.8321420480763007,4.196175050554114,6.7778207326079025,0.19261989
4.850149196,-0.01875,-0.4005530633,2.4562867366,-0.281741138,0.3452743888,51.7911567688,5.597879390189796,1.507656801475531,6.917266262088464,0.8823950561580208,4.266558986663476,6.987522149078875,0.3452743888
4.875131038,-0.034375,-0.1963495408,2.3048061338,-0.2019741371,0.3930406272,58.9560928345,5.446398787389795,1.4759963113398844,6.964570408653348,0.9245074310797013,4.423464614963921,7.099297681461454,0.3930406272
4.900141579,-0.045625,-0.1413716694,2.2384614647,-0.0884595588,0.4330064356,64.9509658813,5.380054118289796,1.4716391565342728,6.930931683631537,0.960214589367171,4.67245531614817,7.13214912666958,0.4330064356
4.925193215,-0.043125,0.0314159265,2.2745100132,0.0480647314,0.4668782651,70.0317382812,5.416102666789796,1.50035977181883,6.815651701608604,0.9920138533342421,5.01723743742113,7.067404558014756,0.4668782651
4.950128962,-0.02375,0.2434734307,2.4056653706,0.1748738098,0.4828404188,72.4260635376,5.547258024189795,1.566027091115915,6.626407068745479,1.021220006486588,5.452010353695518,6.89950688581117,0.4828404188
4.975123461,0.000625,0.3063052837,2.6411314215,0.3139547346,0.3158506453,47.3775978088,5.782724075089796,1.6651940877162015,6.382069916581784,1.0437200555955746,5.957821903811405,6.665122275506321,0.3158506453
5.000118272,0.051875,0.644026494,2.9490780647,0.4105955242,0.1781401336,26.7210197449,6.090670718289796,1.7892772223845546,6.108302418923466,1.04754524350729,6.507755056279818,6.3363701576925004,0.1781401336
5.025431946,0.093125,0.5183627878,-2.9782236997,0.4745113904,-0.1330906004,-19.9635906219,6.446554261069382,1.9074582460972966,5.849679021031981,1.0264648483031318,7.057975186678456,6.0211776794656195,-0.1330906004
5.050224669,0.15625,0.793252145,-2.6334615176,0.4596829094,-0.1770732701,-26.5609912872,6.791316443169382,2.0256747722169237,5.623030975510769,0.9759173926789049,7.563995748813851,5.6711234205546015,-0.1770732701
5.075307399,0.195625,0.4948008429,-2.3381702159,0.3937217356,-0.5132589936,-76.9888458252,7.086607744869382,2.129151656975935,5.453559185400281,0.8991050577506556,8.006789735567176,5.41912888231899,-0.5132589936
5.100221115,0.2425,0.5890486225,-2.1103740689,0.303728196,-0.5881664157,-88.2249603271,7.314403891869382,2.204900343383273,5.365306895872127,0.8012850747665509,8.351302721292244,5.221399266471341,-0.5881664157
5.125096235,0.261875,0.2434734307,-1.9845876443,0.1677152328,-0.726957202,-109.0435791016,7.440190316469382,2.2402736437126927,5.374621354355463,0.698562617735769,8.563138891094804,5.139601547710841,-0.726957202
5.150222508,0.266875,0.0628318531,-1.9680973509,0.021987058,-0.7679421306,-115.1913223267,7.456680609869382,2.2245382479470277,5.487871781806482,0.6089640814795041,8.659223129264557,5.1638027604501335,-0.7679421306
5.175219403,0.253125,-0.1727875959,-2.0670391117,-0.1319223478,-0.7257402539,-108.861038208,7.357738849069381,2.1519015976017504,5.699479873853567,0.5496135098901636,8.683734254989501,5.298945899022684,-0.7257402539
5.200131764,0.204375,-0.6126105675,-2.2844808884,-0.2899223689,-0.7026930451,-105.4039535522,7.140297072369382,2.025853508002593,5.982468270682325,0.5379086636679414,8.670701179000291,5.56374336667004,-0.7026930451
5.225423928,0.155,-0.6204645491,-2.6142867578,-0.4397411592,-0.304687947,-45.7031936646,6.8104912029693825,1.9058502448060541,6.277451958020807,0.5777520570093123,8.625806848328166,5.887810102439458,-0.304687947
5.250367592,0.0625,-1.0,-3.0188741906,-0.5394499104,0.0702044666,10.530670166,6.405903770169382,1.787018139393076,6.567675363595123,0.6547331361320733,8.533222507993493,6.345407079040083,0.0702044666
5.275287245,0.0,-0.7853981634,2.8578062078,-0.5420065451,0.2620231509,39.3034744263,5.999398861389795,1.6720272915501775,6.842815012370095,0.7614302285154698,8.376211464512478,6.715574244155019,0.2620231509
5.300239503,-0.09125,-1.0,2.4605051838,-0.5297346987,0.3143812418,47.1571846008,5.602097837389796,1.5585654708735213,7.096540989063636,0.8826338317501375,8.13261708742949,7.123214526043482,0.3143812418
5.325200928,-0.144375,-0.6675884389,2.1199614489,-0.4540583132,0.4420651495,66.3097686768,5.261554102489796,1.456202570097499,7.298285284204981,0.9866401416104829,7.785993350641888,7.426687599557124,0.4420651495
5.350110737,-0.21125,-0.8403760348,1.8576507341,-0.3497476196,0.4673037529,70.0955657959,4.999243387689796,1.3740087739950588,7.415086016095704,1.0629620799818795,7.344673575967605,7.662269152434419,0.4673037529
5.375405869,-0.245,-0.4241150082,1.6885293523,-0.2254951758,0.5053690672,75.8053588867,4.830122005889796,1.324967483391203,7.430786695500794,1.096833226694927,6.838891473809549,7.793908179224651,0.5053690672
5.400145621,-0.27875,-0.4241150082,1.6252526448,-0.0843689433,0.5220136642,78.3020477295,4.7668452983897955,1.3177278314168306,7.3450698580687925,1.0853029547469382,6.321581997709879,7.823805492978454,0.5220136642
5.42510913,-0.28875,-0.1256637061,1.6601507077,0.0465307506,0.669319272,100.3978881836,4.8017433612897955,1.3561396904183556,7.157057066186659,1.041633601828767,5.833782118789403,7.755562014324034,0.669319272
5.450161026,-0.285,0.0471238898,1.7947575218,0.1794757522,0.7273948193,109.1092224121,4.936350175389796,1.4492794399693822,6.875145629728646,0.9818211140893155,5.403159003170437,7.586577697590048,0.7273948193
5.475209693,-0.26625,0.235619449,2.0401944479,0.3272492347,0.7317702174,109.7655334473,5.181787101489795,1.5805482241944573,6.527100665861164,0.9208685986364368,5.049060026940277,7.313640686603071,0.7317702174
5.500173722,-0.21125,0.6911503838,2.4018304186,0.4821812943,0.7067683339,106.0152511597,5.543423072189795,1.7000419910122109,6.175803156378264,0.8664054320232872,4.780933079814112,6.912846689867439,0.7067683339
5.52518593,-0.1575,0.6754424205,2.865859607,0.6187055844,0.4214304984,63.2145729065,6.007452260589796,1.8177742729774604,5.834164344792436,0.8288126797313103,4.606477127353861,6.472308541003305,0.4214304984
5.550220169,-0.06375,1.0,-2.9038256315,0.6846667583,0.4488377869,67.325668335,6.520952329269382,1.935250159888011,5.5218851568942435,0.8136433031928667,4.531952215610907,5.9072065492947665,0.4488377869
5.575225033,-0.00125,0.7853981634,-2.406432361,0.6631910273,0.3023457527,45.3518638611,7.018345599769383,2.0529987597835095,5.258191093709772,0.8190672216707646,4.557651045712609,5.438657681731674,0.3023457527
5.600204323,0.0925,1.0,-1.9431701631,0.6176829306,0.3731701076,55.9755172729,7.4816077976693816,2.171605037753382,5.060395420493077,0.8439325215663758,4.683449711084829,4.9734267026581,0.3731701076
5.625220906,0.155,0.7853981634,-1.545869139,0.5297346987,0.335565865,50.3348808289,7.878908821769382,2.2911424126570625,4.9419346946416525,0.8845421525507141,4.907535896459058,4.5988305262829305,0.335565865
5.650118109,0.24875,1.0,-1.2536457989,0.3896311201,0.4730755985,70.9613418579,8.171132161869382,2.410373958477072,4.910776082588088,0.9373573112088689,5.223294350656254,4.347427823358689,0.4730755985
5.675213702,0.31125,0.7853981634,-1.0665001428,0.2495275415,0.4912907183,73.693611145,8.358277817969382,2.5309827322832765,4.96800841054693,0.9974071515625648,5.61534984489791,4.174239947483808,0.4912907183
5.70013903,0.405,1.0,-0.990951589,0.1007314051,0.6864743233,102.9711456299,8.433826371769381,2.650853643119124,5.1096594252286085,1.0523043447638227,6.0647290793405455,4.1579034042216065,0.6864743233
5.72522379,0.4675,0.7853981634,-1.0239321759,-0.0439741159,0.4584412873,68.7661895752,8.400845784869382,2.772346966105465,5.324442544912589,1.0893420455980913,6.547830115247777,4.208487775223368,0.4584412873
5.750242298,0.56125,1.0,-1.1612234564,-0.1830550407,0.256795615,38.5193405151,8.263554504369383,2.8944332291880164,5.596226994457137,1.0992161580196917,7.028986048775138,4.408473240682838,0.256795615
5.775241065,0.62375,0.7853981634,-1.4127963056,-0.3354304656,-0.2616735101,-39.2510261536,8.011981655169382,2.881214601911196,6.0031312062086615,1.0737907059568814,7.470652079752431,4.6974221105893665,-0.2616735101
5.800206186,0.694375,0.8874999246,-1.7590924685,-0.4617282172,-0.3655028641,-54.825428009,7.6656854922693825,2.8794844196467144,6.426614833839246,1.0059836090633958,7.847059888793832,5.0789411050330875,-0.3655028641
5.825221934,0.69,-0.0549778714,-2.2430634071,-0.6452945848,-0.6418825388,-96.2823791504,7.181714553669382,2.857767013389335,6.853638572083045,0.9049165609266926,8.144109723619344,5.624918086933109,-0.6418825388
5.850103511,0.669375,-0.2591813939,-2.8340295056,-0.787954798,-0.4233137667,-63.4970664978,6.590748455169382,2.809922144904447,7.251934120989756,0.7839057222822254,8.306630161473857,6.257446080259194,-0.4233137667
5.875191343,0.641875,-0.3455751919,2.7719032837,-0.9030033571,-0.3179762065,-47.6964302063,5.913495937289796,2.736146223843022,7.591497043069244,0.6644710013812024,8.306179670902802,6.905798824405653,-0.3179762065
5.90020058,0.5875,-0.6832964022,2.0796944532,-0.9229451074,-0.6269248724,-94.038734436,5.221287106789796,2.6243774053518396,7.855373001797121,0.5582281312663577,8.153925633493955,7.562975007461078,-0.6269248724
5.925364977,0.5425,-0.5654866776,1.4618836909,-0.8237476831,-0.6914113164,-103.7117004395,4.6034763444897955,2.5011864121679697,8.01805383305734,0.4810209856887391,7.89225960848326,8.132361083815535,-0.6914113164
5.95011504,0.45375,-1.0,0.9460826509,-0.6877347199,-0.8742803931,-131.1420593262,4.087675304489796,2.382591920585021,8.074143050647379,0.44305548758831265,7.551444068142292,8.550027925263894,-0.8742803931
5.97522053,0.39125,-0.7853981634,0.5487816269,-0.5297346987,-0.7720270753,-115.8040618896,3.6903742804897957,2.2635705361388223,8.022335096160889,0.4420091952239339,7.122709119821116,8.915139363937067,-0.7720270753
6.00035003,0.2975,-1.0,0.2266456614,-0.4295146206,-0.8034212589,-120.5131912231,3.368238314989796,2.145087290110655,7.863165420949835,0.45211420113823514,6.614721396613391,9.125513497806736,-0.8034212589
6.025176553,0.235,-0.7853981634,-0.0609757363,-0.383495197,-0.63463974,-95.1959609985,3.0806169172897957,2.027624212076535,7.603120281407888,0.46496405309231803,6.076328450497324,9.374907228910866,-0.63463974
6.050080475,0.14125,-1.0,-0.3482136389,-0.38298387,-0.7664713264,-114.9706954956,2.793379014689796,1.9091523830500214,7.259988304699998,0.4962393450099487,5.541820657302526,9.523425111411354,-0.7664713264
6.075098358,0.07875,-0.7853981634,-0.6937428113,-0.4607055633,-0.6250722408,-93.7608337402,2.447849842289796,1.788851077745131,6.866137890128571,0.54911438042418,5.054480633973995,9.770420547919334,-0.6250722408
6.100197961,-0.015,-1.0,-1.1232574319,-0.5726861608,-0.5054340959,-75.8151168823,2.018335221689796,1.6666831131243547,6.4565456259119,0.6208454657293656,4.650000813878755,9.984209410035227,-0.5054340959
6.125240168,-0.0775,-0.7853981634,-1.6547817749,-0.708699124,0.0672187805,10.0828170776,1.4868108786897958,1.5462432698112227,6.049404173614422,0.7002649834355842,4.346220009842131,10.35929463260779,0.0672187805
6.150221018,-0.17125,-1.0,-2.2706750613,-0.8211910484,0.4645011425,69.6751708984,0.8709175922897958,1.430520365515748,5.650684291918189,0.7740209691088956,4.138119086168589,10.78251241203472,0.4645011425
6.17519114,-0.23375,-0.7853981634,-2.906893593,-0.8482913757,0.5798487067,86.9773025513,0.23469906058979584,1.326153052407402,5.268465192274464,0.8348862754060633,4.011133404658236,11.323569450938525,0.5798487067
6.20023569,-0.313125,-0.9974556675,2.7320197832,-0.8590292412,0.4771654606,71.5748214722,-0.4095728703897903,1.2391120586372817,4.9301728876205795,0.8777307526721244,3.951407081016093,11.956744501121698,0.4771654606
6.225187737,-0.346875,-0.4241150082,2.198194469,-0.7117670856,0.3957690001,59.3653488159,-0.9433981845897899,1.1751091326849659,4.663775107241715,0.8978185961656049,3.949087870624727,12.506928947067943,0.3957690001
6.25022984,-0.381875,-0.4398229715,1.7556410117,-0.5900712764,0.5177841783,77.6676254272,-1.3859516418897906,1.1504267848445535,4.491165619143825,0.8933844116704036,4.0014631005777686,13.065859311485474,0.5177841783
6.275231003,-0.395625,-0.1727875959,1.4143302864,-0.4550809671,0.5948711038,89.2306671143,-1.7272623671897902,1.1689214785574467,4.422936845506179,0.8673651134698381,4.11428123744868,13.525500121343955,0.5948711038
6.300227948,-0.39625,-0.0078539816,1.1646749132,-0.332873831,0.6039118767,90.5867843628,-1.9769177403897906,1.2323091191174909,4.464798946866026,0.8267383881563671,4.299855485547625,13.881981424928119,0.6039118767
6.325433649,-0.381875,0.1806415776,0.9802137235,-0.245948253,0.6171908975,92.5786361694,-2.16137893008979,1.3456641040303956,4.62432561692876,0.7811789272184133,4.5722263920251045,14.13145932081262,0.6171908975
6.350164596,-0.339375,0.5340707511,0.8486748709,-0.1753851367,0.7094514966,106.4177246094,-2.2929177826897904,1.4681332564936846,4.879686232638685,0.7386194650361151,4.940151449596082,14.279826335024229,0.7094514966
6.375141488,-0.295625,0.5497787144,0.753568062,-0.1268090785,0.6213405132,93.2010803223,-2.38802459158979,1.5866834097639333,5.228452700874831,0.704815695967216,5.39919804959109,14.331330215199621,0.6213405132
6.400385628,-0.2075,1.0,0.6925923257,-0.0813009818,0.7324851155,109.8727645874,-2.4490003278897907,1.711323608338224,5.636062647349264,0.6786911119104907,5.925529137270204,14.30250265114654,0.7324851155
6.425441272,-0.145,0.7853981634,0.708699124,0.021475731,0.627928257,94.189239502,-2.4328935295897907,1.8357521422291163,6.075280703120269,0.6472336788524277,6.487215864739834,14.157955821568425,0.627928257
6.450124614,-0.05125,1.0,0.8095583608,0.1344789824,0.7430496216,111.4574432373,-2.3320342927897904,1.9559014203467522,6.51394473065474,0.6030482696753707,7.042858499020697,13.923756552885605,0.7430496216
6.475229583,0.01125,0.7853981634,1.0101263488,0.267423984,0.6704115272,100.5617294312,-2.1314663047897904,2.0717067593806933,6.94761619800188,0.5458820261158007,7.561699133672326,13.626114110525041,0.6704115272
6.500222725,0.105,1.0,1.318072992,0.4105955242,0.7783961892,116.7594299316,-1.8235196615897902,2.188643555445959,7.33377342073994,0.4729600806021343,8.019622383981112,13.2286575399035,0.7783961892
6.525220816,0.1675,0.7853981634,1.7299468335,0.5491651221,0.6479815841,97.1972351074,-1.4116458200897908,2.30658118493899,7.650498725264434,0.3941565432679241,8.36599136740679,12.873465620485128,0.6479815841
6.550118591,0.26125,1.0,2.2215876761,0.6555211234,0.6386387348,95.7958068848,-0.92000497748979,2.4254587934185494,7.88064239117569,0.324496203430718,8.589969824632504,12.414198554663038,0.6386387348
6.575276113,0.32375,0.7853981634,2.7534955143,0.7092104509,0.3237293661,48.5594062805,-0.3880971392897905,2.5464980527375487,8.013304928903679,0.27959349297195096,8.729300802286522,12.056712150493393,0.3237293661
6.600133575,0.4175,1.0,-2.9862770988,0.7245502588,0.1987357587,29.8103637695,0.15531555478979575,2.6657262247164106,8.043831829772321,0.275789143945989,8.825900041084825,11.647498755650545,0.1987357587
6.625199897,0.48,0.7853981634,-2.453218775,0.7107444317,-0.0784089118,-11.7613363266,0.6883738785897959,2.7859931039662875,7.97220491424345,0.32458744113456955,8.907832354589807,11.33474492530993,-0.0784089118
6.650158922,0.57375,1.0,-1.9577429805,0.6606343926,-0.1164394766,-17.465921402,1.1838496730897958,2.8980049828797996,7.799897043528166,0.41571624383599387,8.971021779614428,11.075264098109718,-0.1164394766
6.675182792,0.63625,0.7853981634,-1.5255438936,0.5762654493,-0.2675083578,-40.1262550354,1.6160487599897957,2.881447938531486,7.523344252435889,0.5400145212796406,9.009540227038686,10.909661047048203,-0.2675083578
6.700215413,0.694375,0.730420292,-1.1911360818,0.4458770823,-0.3560420573,-53.4063072205,1.9504565717897957,2.867493752858778,7.161518180068368,0.6655840858717674,8.997946528909551,10.844634839930562,-0.3560420573
6.725213501,0.69,-0.0549778714,-0.8686166211,0.4300259475,-0.9848444462,-147.7266693115,2.2729760324897956,2.813584545969317,6.749730942118179,0.7912200437585635,8.934684476951908,10.852788279204766,-0.9848444462
6.750110545,0.661875,-0.3534291735,-0.5748593003,0.3916764278,-1.0,-150.0,2.566733353289796,2.6978887448418725,6.3567870959551245,0.9173803905472705,8.814504595657693,10.948864147162373,-1.0
6.775151187,0.619375,-0.5340707511,-0.249271878,0.434116563,-1.0,-150.0,2.8923207755897957,2.574305133022508,5.971013594223105,1.0373263400766863,8.622630888348654,11.140014388546726,-1.0
6.800417044,0.52875,-1.0,0.132305843,0.5087702946,-1.0,-150.0,3.273898496589796,2.458407822611016,5.5930111157599995,1.1548857298489597,8.349852452176204,11.44482015784532,-1.0
6.825458415,0.46625,-0.7853981634,0.533441819,0.534847968,-1.0,-150.0,3.675034472589796,2.3395253750092118,5.272418988414959,1.2697661004868142,7.983520554348849,11.77264618868582,-1.0
6.850122275,0.3725,-1.0,0.9898011034,0.6084790459,-1.0,-150.0,4.131393756989795,2.222874697419933,5.0213772594807455,1.3539288274879386,7.514067209511113,12.200933123800686,-1.0
6.875114738,0.31,-0.7853981634,1.5631264229,0.7644337593,-0.9541232586,-143.1184844971,4.704719076489796,2.107464460598714,4.845408963310231,1.3938150647106382,6.966580305900322,12.552084717738504,-0.9541232586
6.900151943,0.21625,-1.0,2.223505152,0.8805049722,-1.0,-150.0,5.365097805589795,1.9898019773992472,4.7591344038529195,1.3799305127128565,6.400078335023608,12.997317134439028,-1.0
6.925188209,0.15375,-0.7853981634,2.9402576752,0.9556700309,-1.0,-150.0,6.081850328789796,1.871760442794957,4.76471356844758,1.3230156844939513,5.866353731777561,13.342625341479357,-1.0
6.950171714,0.06,-1.0,-2.6388304504,0.9387962422,-0.8431201577,-126.4680252075,6.7859475103693825,1.7540029534939103,4.859400335298165,1.2375377049274328,5.399538062464553,13.708536474586104,-0.8431201577
6.97512751,-0.0025,-0.7853981634,-1.9565924949,0.9096506072,-0.3960829973,-59.4124488831,7.468185465869382,1.6361716068383567,5.032587832175144,1.1406877194282905,5.01329543744801,13.977186546140627,-0.3960829973
7.000224559,-0.09625,-1.0,-1.3314953239,0.8334628948,-0.3683665991,-55.254989624,8.093282636869382,1.5172405603509158,5.263150947427604,1.0408672606070348,4.713019830428552,14.165292229138178,-0.3683665991
7.025167959,-0.15875,-0.7853981634,-0.8260486543,0.6739288928,-0.4016376436,-60.2456474304,8.598729306469382,1.3978800758561947,5.52316908991509,0.9492191910571666,4.505131626338482,14.259003049739022,-0.4016376436
7.050364751,-0.2525,-1.0,-0.4157087935,0.5471198143,-0.6784952879,-101.7742919922,9.009069167269383,1.276547736520532,5.785471440835531,0.8786632796641578,4.394240575891669,14.236761800775591,-0.6784952879
7.075223096,-0.315,-0.7853981634,-0.0717136018,0.4586602556,-0.4935738742,-74.0360794067,9.353064358969382,1.156361631960661,6.035606303154271,0.8398595133582872,4.385155233592231,14.118758714221036,-0.4935738742
7.100205767,-0.40875,-1.0,0.2577087724,0.4392298323,-0.4553879499,-68.3081893921,9.682486733169382,1.037444968430666,6.275234607043306,0.8336956691707791,4.479552672705522,13.910585438085628,-0.4553879499
7.125229221,-0.47125,-0.7853981634,0.6235631903,0.4878058905,-0.0515702739,-7.7355408669,10.048341151069382,0.9208499887800475,6.519154315098213,0.8434723504758234,4.67301122760776,13.598994087245204,-0.0515702739
7.150129234,-0.565,-1.0,1.0618982004,0.5844466802,0.0372893773,5.5934066772,10.486676161169381,0.8067425699400272,6.795463055325391,0.8725187495179612,4.964722658868559,13.280568196348526,0.0372893773
7.175101801,-0.6275,-0.7853981634,1.600325457,0.7179030087,0.3560348749,53.4052314758,11.025103417769383,0.6928735278286421,7.1411275756012325,0.9139814326734558,5.345550433674275,12.862929226658375,0.3560348749
7.200157912,-0.694375,-0.8403760348,2.2315585512,0.8416441256,0.3813650608,57.2047576904,11.656336511969382,0.5846000191529345,7.534468306881705,0.9621577563744517,5.795703024280959,12.443775150990753,0.3813650608
7.225195845,-0.689375,0.0628318531,3.0928887636,1.0,0.480014503,72.0021743774,12.51766672436938,0.49265539339183395,7.872963534448796,1.0015238753858624,6.293353720770049,11.835045342660266,0.480014503
7.250082629,-0.6675,0.2748893572,-2.3174614753,1.0,0.5907843709,88.6176528931,13.39050179264897,0.4292772091728534,8.093006404701937,1.0224445837775153,6.804879427343946,11.253818128780964,0.5907843709
7.275177126,-0.64125,0.3298672286,-1.4568982533,1.0,0.6305605173,94.5840759277,14.251065014648969,0.40325705645849375,8.206443951741427,1.0164327128208623,7.290068566225107,10.756852008298097,0.6305605173
7.300173652,-0.58,0.7696902001,-0.7037136864,1.0,0.7063010931,105.9451675415,15.004249581548969,0.43783638126618524,8.243315331471788,0.9768937319147345,7.713030745905639,10.389680843858878,0.7063010931
7.325229971,-0.52375,0.7068583471,-0.0686456403,0.8467573949,0.6292930841,94.3939590454,15.63931762764897,0.5222911971624214,8.20297455291456,0.9015066128258178,8.059830811248439,10.110207587266338,0.6292930841
7.350163839,-0.43,1.0,0.502378708,0.7613657977,0.9405907393,141.0886077881,16.21034197594897,0.6433006323714937,8.07313006599862,0.8008277507964051,8.301571808263693,10.005933473662784,0.9405907393
7.375121562,-0.3675,0.7853981634,1.1366797638,0.8457347411,0.8840209842,132.6031494141,16.84464303174897,0.7670765829538636,7.841148414964398,0.6894604671768548,8.39924503375741,9.911415401233294,0.8840209842
7.400221008,-0.27375,1.0,1.8856458835,0.9986214929,0.9862029552,147.9304504395,17.59360915144897,0.8931910968271543,7.515356108346857,0.5878014049948899,8.354004179289037,9.968904313477003,0.9862029552
7.425152011,-0.21125,0.7853981634,2.6767964749,1.0,0.4995759428,74.9363937378,18.38475974284897,1.0144743407426162,7.1147889766022345,0.513236010784948,8.200819262576923,10.028782583611772,0.4995759428
7.450222029,-0.1175,1.0,-2.7910780436,1.0,0.7544706464,113.1705932617,19.200070531528556,1.139220765654776,6.6609870050207665,0.48024518037009606,7.9733931803562035,10.246101207636519,0.7544706464
7.475103187,-0.055,0.7853981634,-2.0087478417,1.0,0.6861159205,102.917388916,19.982400733428555,1.2607527666410725,6.1860588422524705,0.49077768204641137,7.660770590041877,10.510345987722797,0.6861159205
7.500293833,0.03875,1.0,-1.2609322076,0.9970875121,0.7125371695,106.8805770874,20.730216367528556,1.378765232331939,5.721210907061531,0.5108173187642325,7.251955764680672,10.91928152610543,0.7125371695
7.525162282,0.10125,0.7853981634,-0.6312330942,0.8395988179,0.2021949589,30.3292446136,21.359915480928557,1.4938576830390229,5.294351572138666,0.5275809451018482,6.767901179529244,11.422222173786727,0.2021949589
7.550106255,0.195,1.0,-0.0870534097,0.7255729127,0.1836032867,27.5404930115,21.904095165428554,1.611492421732939,4.92938261682277,0.5364646673961789,6.2481363069818165,11.943665405727947,0.1836032867
7.575291796,0.2575,0.7853981634,0.4486893805,0.7143237202,0.2019234896,30.2885227203,22.439837955628555,1.7320211140694592,4.6520215244209595,0.5497891955579084,5.729784952081831,12.564424900231382,0.2019234896
7.600359522,0.35125,1.0,1.043490431,0.7930680673,0.4856520593,72.8478088379,23.034639006128558,1.8525430872761186,4.478466932697422,0.5795581685948403,5.2488595587281335,13.093140878870292,0.4856520593
7.62521693,0.41375,0.7853981634,1.7238109104,0.9070939726,0.5179165602,77.6874847412,23.714959485528556,1.9719792777573752,4.4134080610644535,0.6273803474945686,4.840598147536908,13.668630141570937,0.5179165602
7.650221631,0.5075,1.0,2.4950197515,1.0,0.5368798375,80.5319747925,24.486168326628555,2.0919922285048678,4.457584884244863,0.6895434497972291,4.5273341812979755,14.140513364327683,0.5368798375
7.675221124,0.57,0.7853981634,-3.0062188491,1.0,0.2489849925,37.3477478027,25.26811503320814,2.21156841053039,4.60955820052827,0.7573365251900515,4.31458962098086,14.509903470545071,0.2489849925
7.700231659,0.66375,1.0,-2.2388449599,1.0,0.2915138304,43.7270736694,26.035488922408142,2.331345948232443,4.864496202544647,0.8228936777073498,4.196057311408268,14.803374161175917,0.2915138304
7.725229641,0.694375,0.3848451001,-1.5163400088,0.9633399348,0.0404991731,6.0748758316,26.75799387350814,2.4520805810092727,5.207846410104157,0.8816355968820212,4.163797209294206,14.876491378961136,0.0404991731
7.750225488,0.694375,0.0,-0.8893253618,0.8360195294,-0.4576986134,-68.6547927856,27.38500852050814,2.5748202818744,5.613147937088218,0.9296741075045937,4.212759317982518,14.811952795390635,-0.4576986134
7.775119873,0.694375,0.0,-0.3317233454,0.7434693552,-0.9172968268,-137.5945281982,27.94261053690814,2.6663868592228157,6.076642309330191,0.9656438543134124,4.343519714360819,14.66794758055125,-0.9172968268
7.800158065,0.67375,-0.2591813939,0.2231942046,0.7398900667,-1.0,-150.0,28.49752808690814,2.7008322304799335,6.603416453983098,0.9917576394393715,4.562062005561542,14.409855557819172,-1.0
7.82543319,0.638125,-0.4476769531,0.8866408954,0.8845955877,-1.0,-150.0,29.16097477770814,2.6710422620254155,7.1704224953511195,1.0117501011317622,4.874953224898608,14.038496587451087,-1.0
7.850094913,0.551875,-1.0,1.6417429382,1.0,-1.0,-150.0,29.91607682050814,2.574469052944434,7.700283783795643,1.0283756886604618,5.28182416046781,13.618293803565553,-1.0
7.875173367,0.489375,-0.7853981634,2.5130440258,1.0,-1.0,-150.0,30.78737790810814,2.451096783244951,8.15569849229356,1.04138073108217,5.768434209375139,13.090713805800648,-1.0
7.900243799,0.395625,-1.0,-2.887335338,1.0,-1.0,-150.0,31.670183851487728,2.329578752328769,8.498997864101298,1.0401050045669857,6.310638347409961,12.621078944596372,-1.0
7.925192561,0.333125,-0.7853981634,-2.0183352217,1.0,-0.9715099335,-145.7264862061,32.53918396778773,2.209026265084606,8.738297112179552,1.0171733581058071,6.8687417159557205,12.065802143851533,-0.9715099335
7.950234868,0.239375,-1.0,-1.2475098757,1.0,-0.8374584317,-125.6187667847,33.31000931378773,2.0889987406353034,8.889736302338205,0.9660420077229298,7.398421671516827,11.61299340110337,-0.8374584317
7.975402177,0.176875,-0.7853981634,-0.560669978,0.9157865304,-0.8271422982,-124.0713424683,33.99684921148773,1.9693708746713883,8.966484893224624,0.8900027611408348,7.877208069997639,11.16533650545964,-0.8271422982
8.000193071,0.083125,-1.0,0.0498543756,0.8140324714,-1.0,-150.0,34.60737356508773,1.852003615518123,8.977144265969573,0.7914254838063469,8.271098843182486,10.818904230037344,-1.0
8.025222356,0.020625,-0.7853981634,0.6473398925,0.7966473558,-0.7132438421,-106.986579895,35.20485908198773,1.734699479111461,8.917110945343087,0.6853615763802803,8.529822183429195,10.597194875576786,-0.7132438421
8.050178254,-0.073125,-1.0,1.3322623143,0.9132298957,-0.7359003425,-110.3850479126,35.88978150378773,1.6183439228854521,8.773562294245552,0.5892211619638349,8.658652504890954,10.45851375549165,-0.7359003425
8.07512561,-0.135625,-0.7853981634,2.1034711554,1.0,-0.5402796268,-81.0419464111,36.66099034488773,1.5029987985110005,8.521409069998004,0.5191796524332987,8.701516032292298,10.46945187656322,-0.5402796268
8.100347504,-0.229375,-1.0,2.9452431127,1.0,-0.4826575816,-72.3986358643,37.502762302187726,1.3868014459108833,8.128296943809742,0.49229957192425433,8.70093921313644,10.54767329497398,-0.4826575816
8.12555992,-0.291875,-0.7853981634,-2.4927187803,1.0,-0.0031781942,-0.4767291248,38.34798571636731,1.2691379719933544,7.597820312940684,0.5228280611806833,8.67631446847592,10.775873193091368,-0.0031781942
8.150131588,-0.385625,-1.0,-1.7077041121,1.0,0.0917802453,13.767036438,39.13300038456731,1.14915866275512,7.022833780572391,0.5977237646683025,8.61393691753465,11.083451825138038,0.0917802453
8.175126185,-0.448125,-0.7853981634,-0.983281685,0.9658965694,-0.0521918386,-7.8287758827,39.85742281166731,1.0299924326620356,6.460234814448496,0.705428721747957,8.495303017653494,11.47446098930359,-0.0521918386
8.200228545,-0.541875,-1.0,-0.3696893699,0.8181230869,-0.437615037,-65.6422576904,40.47101512676731,0.9077356247189434,5.9419648707778485,0.8305285628551434,8.296240195602719,11.970234590931252,-0.437615037
8.225224496,-0.604375,-0.7853981634,0.1867621609,0.7419353744,-0.130022049,-19.5033073425,41.02746665756731,0.7932592062001814,5.412533878422964,0.9551211456621854,7.998160099268379,12.40863110680153,-0.130022049
8.250220916,-0.694375,-1.0,0.7539515572,0.7562525284,-0.0154200308,-2.3130047321,41.59465605386731,0.68045458818513,4.866452831301337,1.049463801024432,7.5970916685824985,12.936483801920247,-0.0154200308
8.275131448,-0.694375,0.0,1.3253594007,0.7618771246,0.8877885342,133.1682739258,42.16606389736731,0.5783211681568504,4.3736784778299524,1.1109321350601296,7.110987519879317,13.205314312325918,0.8877885342
8.300231099,-0.681875,0.1570796327,1.9305148216,0.8068738944,0.8228731155,123.4309692383,42.77121931826731,0.506026431684682,3.978642730185603,1.1240307101323395,6.585937197686539,13.38813396227399,0.8228731155
8.32517158,-0.653125,0.3612831552,2.6606896766,0.9735664734,0.6357806921,95.3671035767,43.501394173267315,0.47474049336205804,3.669298392376153,1.0953834443533814,6.07326825207781,13.466531310099842,0.6357806921
8.35012779,-0.5825,0.8874999246,-2.8125537746,1.0,0.6753318906,101.2997817993,44.311336029246895,0.5095074384492355,3.4624912928823384,1.0412904962941576,5.606482148192246,13.406031409329394,0.6753318906
8.375156138,-0.521875,0.7618362185,-1.9726992932,1.0,0.7115391493,106.7308731079,45.1511905106469,0.5983624730389073,3.343106779131387,0.9772906349314937,5.209600390256133,13.312410968473971,0.7115391493
8.400231258,-0.428125,1.0,-1.1650584084,1.0,0.8314552903,124.7182922363,45.9588313954469,0.7215650165359163,3.2862690261473833,0.9153243651796911,4.895181629098227,13.109880928153215,0.8314552903
8.425165593,-0.365625,0.7853981634,-0.4763010346,0.918343165,0.5046018362,75.6902770996,46.647588769246894,0.8470203103843031,3.2554081687785024,0.8635609621845416,4.6701979264115066,12.965140947998492,0.5046018362
8.450083781,-0.271875,1.0,0.1434272037,0.8263043177,0.6775360107,101.6304016113,47.26731700754689,0.9717637166388321,3.242240489360418,0.8322433359439056,4.542837015234938,12.717514405293068,0.6775360107
8.475194579,-0.209375,0.7853981634,0.7830971922,0.8528933181,0.7382345796,110.7351837158,47.906986996046896,1.0908873336239024,3.239236141548179,0.8221343191053719,4.515777270864794,12.559205567750292,0.7382345796
8.500199332,-0.115625,1.0,1.5102040857,0.9694758579,0.9177201986,137.6580352783,48.6340938895469,1.210907273080273,3.2521306665690557,0.8321941529510402,4.588921259600068,12.308561705528739,0.9177201986
8.525245545,-0.053125,0.7853981634,2.3251313792,1.0,0.6293718219,94.4057769775,49.449021183046895,1.331047853698051,3.281856928943733,0.8599133662277665,4.761627790986841,12.15121227627685,0.6293718219
8.550140452,0.040625,1.0,-3.118966437,1.0,0.6020658612,90.3098754883,50.28810867402648,1.4500890004490887,3.33103540003398,0.9019555847486744,5.03080374222431,11.935904367147918,0.6020658612
8.575162653,0.103125,0.7853981634,-2.2890828307,1.0,0.6715024114,100.7253646851,51.11799228032648,1.5699436646281761,3.4079578514183666,0.954653202845608,5.386392815358326,11.822849787748536,0.6715024114
8.600215012,0.196875,1.0,-1.4860438883,1.0,0.7077737451,106.1660614014,51.921031222726484,1.6894682088132533,3.5214914212281196,1.0106971966437956,5.809927998497958,11.683874593687174,0.7077737451
8.625229505,0.259375,0.7853981634,-0.7853981634,0.9341942998,0.2419582009,36.2937316895,52.62167694762648,1.8082065235360527,3.6853564756504875,1.0549163897951137,6.282245688327715,11.641741983023945,0.2419582009
8.65011066,0.353125,1.0,-0.1794757522,0.8078965483,0.0234751292,3.5212693214,53.22759935882648,1.925565793756777,3.9177026074410666,1.078110231764023,6.772000328962597,11.5988271456264,0.0234751292
8.675225831,0.415625,0.7853981634,0.4015194712,0.7746602979,0.0009374805,0.1406220794,53.80859458222648,2.0439172264855663,4.242119925313258,1.0706397439791626,7.241752003865508,11.654040238550376,0.0009374805
8.700236311,0.509375,1.0,1.0289176135,0.8365308563,0.3254462481,48.8169364929,54.435992724526486,2.1619672808745687,4.672386368730102,1.0254108061424447,7.655921681876464,11.704785725640889,0.3254462481
8.725431849,0.571875,0.7853981634,1.7629274205,0.9786797427,0.3937544227,59.0631637573,55.170002531526485,2.2832573959051423,5.200017613022944,0.9416531996401476,8.002978866572507,11.853951708225363,0.3937544227
8.750107008,0.665625,1.0,2.5490925743,1.0,0.4279531837,64.1929779053,55.956167685326484,2.4072354671391056,5.769799717181193,0.8278000189610885,8.245682824765481,11.962683591653697,0.4279531837
8.775246034,0.694375,0.3612831552,-2.9774567093,1.0,-0.3029135764,-45.4370346069,56.712803708906065,2.531194341410921,6.373025228868682,0.7071617070108213,8.334034446945527,12.258987985167096,-0.3029135764
